"Name","Team","G","PA","AB","H","2B","3B","HR","R","RBI","BB","SO","HBP","SB","CS","AVG","OBP","SLG","OPS","wOBA","Fld","BsR","WAR","playerid"
"Mike Trout","Angels","157","658","516","155","29","4","39","118","106","124","130","10","20","7",".300",".441",".600","1.041",".431","-0.6","3.4","9.3","10155"
"J.D. Martinez","Red Sox","155","651","574","170","35","2","39","101","119","67","161","4","4","2",".297",".372",".569",".940",".393","-0.2","-2.5","4.1","6184"
"Bryce Harper","","150","630","510","136","28","1","34","94","94","110","142","4","10","5",".267",".399",".528",".927",".390","-2.6","0.7","4.9","11579"
"Mookie Betts","Red Sox","162","679","588","178","42","3","29","116","95","76","92","5","26","8",".302",".385",".535",".920",".389","14.6","5.6","7.3","13611"
"Giancarlo Stanton","Yankees","145","609","530","142","25","1","45","95","113","67","173","7","3","1",".267",".354",".569",".923",".386","0.8","-0.4","4.3","4949"
"Juan Soto","Nationals","152","637","537","157","30","2","29","93","92","90","119","3","7","3",".292",".393",".517",".910",".386","-2.3","0.8","4.5","20123"
"Christian Yelich","Brewers","155","651","564","167","34","4","27","96","87","73","134","7","15","5",".297",".381",".515",".896",".382","1.7","2.6","5.1","11477"
"Anthony Rizzo","Cubs","155","651","549","154","32","2","30","96","93","79","90","17","7","3",".281",".385",".511",".896",".379","3.9","-1.5","4.4","3473"
"Nolan Arenado","Rockies","155","651","578","165","37","3","36","97","108","63","112","4","3","2",".286",".357",".549",".906",".379","3.7","0.0","4.7","9777"
"Nelson Cruz","Twins","150","630","554","156","26","1","37","91","106","60","137","11","1","1",".282",".361",".533",".895",".378","0.0","-3.2","3.2","2434"
"Kris Bryant","Cubs","155","651","546","150","32","3","29","96","89","82","141","16","7","3",".275",".382",".504",".886",".378","-1.0","3.0","5.7","15429"
"Joey Votto","Reds","155","651","525","146","28","2","22","91","80","112","106","8","3","1",".278",".409",".464",".874",".378","0.3","-4.0","3.5","4314"
"Jose Ramirez","Indians","155","651","561","160","39","3","27","96","97","78","76","6","23","9",".284",".374",".513",".887",".375","3.0","3.7","5.9","13510"
"Freddie Freeman","Braves","157","658","564","162","37","3","27","92","93","80","133","8","8","4",".286",".379",".506",".885",".374","5.5","0.4","4.3","5361"
"Vladimir Guerrero Jr.","Blue Jays","142","595","534","163","33","2","24","82","85","50","77","5","5","2",".306",".368",".511",".879",".374","0.0","0.2","5.1","sa920245"
"Paul Goldschmidt","Cardinals","157","658","552","153","31","3","27","93","89","93","152","7","11","4",".277",".385",".489",".874",".372","2.5","1.6","4.4","9218"
"Manny Machado","","150","630","562","162","32","2","33","90","98","59","98","3","9","4",".288",".356",".529",".885",".371","-4.2","-0.6","5.0","11493"
"Aaron Judge","Yankees","153","644","534","134","23","1","36","98","95","96","196","6","7","3",".251",".368",".502",".870",".371","5.0","0.5","4.8","15640"
"Alex Bregman","Astros","155","651","560","156","39","2","26","97","90","75","86","8","11","5",".279",".370",".495",".865",".371","-3.8","0.9","5.4","17678"
"Shohei Ohtani","Angels","117","490","430","117","23","2","26","70","78","52","131","4","10","4",".273",".354",".516",".870",".369","0.0","0.5","2.8","19755"
"Anthony Rendon","Nationals","153","644","559","161","39","2","23","87","88","72","98","7","5","2",".287",".373",".487",".860",".368","5.2","1.6","5.4","12861"
"Daniel Murphy","Rockies","147","616","560","172","38","3","23","85","87","44","77","6","3","1",".307",".360",".506",".867",".367","-1.0","-0.7","1.9","4316"
"Francisco Lindor","Indians","150","630","557","159","34","2","28","96","85","59","84","6","19","8",".286",".358",".505",".863",".366","9.6","1.0","6.2","12916"
"Rhys Hoskins","Phillies","155","651","555","138","28","1","36","90","98","82","145","8","5","3",".249",".352",".500",".851",".364","2.0","1.1","3.6","16472"
"Justin Turner","Dodgers","153","644","560","160","36","1","23","85","87","64","92","14","4","2",".286",".370",".476",".846",".364","-0.2","-0.3","4.9","5235"
"Yasiel Puig","Reds","142","595","525","145","30","2","28","79","90","59","117","5","15","7",".276",".351",".501",".853",".363","0.6","-0.7","3.3","14225"
"Josh Donaldson","Braves","133","560","472","121","25","1","26","78","75","76","122","5","4","1",".257",".364",".479",".843",".362","2.5","0.1","4.1","5038"
"Miguel Cabrera","Tigers","155","651","566","160","32","1","25","84","90","75","130","5","2","1",".283",".368",".480",".849",".361","-0.1","-4.3","2.8","1744"
"Andrew McCutchen","Phillies","142","595","507","133","26","2","26","79","79","75","130","7","11","5",".263",".362",".475",".837",".360","-3.1","-0.8","2.9","9847"
"Trevor Story","Rockies","153","644","579","157","36","4","32","90","101","53","176","6","19","8",".271",".335",".515",".850",".359","-1.9","1.1","3.6","12564"
"Charlie Blackmon","Rockies","150","630","560","161","28","6","24","95","73","51","118","9","12","5",".287",".354",".487",".841",".359","-2.6","1.5","2.2","7859"
"Joc Pederson","Dodgers","33","139","119","30","6","0","7","18","20","17","30","2","2","1",".249",".348",".494",".842",".359","0.0","0.5","1.0","11899"
"Eloy Jimenez","White Sox","137","574","528","155","29","2","25","73","85","37","103","4","2","1",".293",".341",".502",".843",".358","0.0","0.3","3.3","sa830373"
"Ronald Acuna Jr.","Braves","155","651","579","162","30","4","28","95","80","56","158","6","24","10",".279",".347",".491",".838",".358","-3.3","1.6","3.2","18401"
"Corey Seager","Dodgers","152","637","560","159","35","2","23","92","75","62","115","6","4","2",".284",".359",".478",".837",".358","3.5","1.5","5.6","13624"
"Andrew Benintendi","Red Sox","153","644","562","161","37","4","18","98","74","68","99","5","18","6",".286",".366",".464",".830",".358","1.7","1.5","3.6","17901"
"Marcell Ozuna","Cardinals","150","630","572","165","27","3","28","80","96","48","120","4","2","1",".288",".345",".492",".837",".357","2.5","0.3","3.7","10324"
"Joey Gallo","Rangers","155","651","552","124","23","2","43","92","104","86","220","7","7","3",".225",".334",".508",".842",".357","2.4","2.2","3.6","14128"
"Jose Altuve","Astros","153","644","574","174","35","3","17","90","79","55","84","8","17","5",".303",".368",".460",".829",".357","-3.8","0.5","4.5","5417"
"Matt Carpenter","Cardinals","148","623","512","129","32","1","24","92","67","95","136","7","4","2",".251",".373",".459",".831",".356","-7.7","0.0","3.4","8090"
"Carlos Santana","Indians","150","630","525","132","29","2","25","86","83","95","91","4","3","1",".251",".367",".453",".820",".355","0.0","-0.6","2.1","2396"
"Jesse Winker","Reds","133","560","479","136","27","1","15","70","63","69","86","4","3","1",".284",".377",".439",".816",".354","-5.8","-0.5","2.0","13590"
"Jose Abreu","White Sox","150","630","571","160","34","2","28","81","93","41","122","12","2","1",".280",".339",".495",".835",".353","-0.6","-1.8","2.4","15676"
"George Springer","Astros","153","644","555","146","28","1","27","95","76","71","131","8","8","4",".263",".354",".460",".814",".352","-2.8","0.9","4.0","12856"
"Cody Bellinger","Dodgers","150","630","550","141","27","4","31","84","95","70","145","4","11","4",".257",".343",".493",".836",".352","2.0","1.4","3.7","15998"
"Xander Bogaerts","Red Sox","153","644","573","164","37","3","20","87","87","58","112","6","10","4",".286",".355",".465",".820",".352","-2.6","1.9","4.3","12161"
"Carlos Correa","Astros","153","644","560","148","32","2","26","86","91","74","133","5","4","2",".265",".352",".466",".818",".351","-2.4","1.0","4.8","14162"
"Steve Pearce","Red Sox","82","343","302","80","16","1","14","45","49","32","65","5","1","0",".266",".344",".471",".815",".350","0.6","-0.3","1.2","9957"
"Kyle Schwarber","Cubs","137","574","482","116","19","2","30","76","83","82","158","5","5","2",".241",".354",".478",".832",".350","4.2","0.8","3.2","16478"
"Eugenio Suarez","Reds","155","651","563","145","26","2","29","83","93","72","152","9","4","2",".257",".348",".466",".815",".349","-1.9","-1.0","3.5","12552"
"Khris Davis","Athletics","157","658","579","139","28","1","40","90","107","65","187","9","1","1",".240",".323",".500",".823",".349","0.0","-1.9","2.2","9112"
"Matt Olson","Athletics","155","651","564","138","29","1","34","86","96","74","159","7","2","1",".244",".337",".478",".815",".348","5.3","-0.8","3.3","14344"
"David Peralta","Diamondbacks","152","637","571","161","31","5","22","82","76","51","124","6","5","2",".281",".344",".470",".814",".348","-1.5","0.8","2.6","2136"
"Josh Bell","Pirates","147","616","534","144","29","4","19","72","76","74","112","2","5","3",".270",".359",".444",".803",".347","-3.8","-1.7","1.8","13145"
"Nicholas Castellanos","Tigers","153","644","584","161","37","5","24","80","89","48","142","6","3","2",".276",".335",".479",".814",".346","-9.6","-0.6","1.9","11737"
"Yasmani Grandal","Brewers","114","480","407","97","19","1","22","58","65","65","120","3","2","1",".237",".344",".453",".797",".345","0.1","-2.7","3.2","11368"
"Jung Ho Kang","Pirates","44","185","164","43","9","1","7","22","25","15","40","4","2","1",".265",".339",".462",".800",".345","-0.5","-0.1","1.0","17182"
"Edwin Encarnacion","Mariners","137","574","493","117","19","1","30","74","84","70","131","6","2","1",".238",".337",".463",".800",".344","0.0","-3.0","1.8","2151"
"Brandon Belt","Giants","150","630","533","135","31","3","20","76","73","84","147","6","4","2",".253",".359",".437",".795",".344","6.5","0.0","3.0","10264"
"Gary Sanchez","Yankees","131","550","487","119","22","1","31","74","85","51","129","7","2","1",".245",".322",".483",".805",".344","-1.5","-0.4","3.6","11442"
"Ryan Zimmerman","Nationals","129","540","485","127","27","2","24","67","79","44","114","5","2","1",".263",".328",".476",".804",".344","-2.3","-0.3","1.4","4220"
"Trea Turner","Nationals","153","644","577","165","31","6","17","93","66","53","116","5","40","11",".287",".350",".447",".797",".344","0.4","5.0","4.4","16252"
"C.J. Cron","Twins","120","504","456","119","25","1","24","65","74","33","119","10","3","1",".262",".323",".482",".805",".343","1.5","-0.9","1.8","12546"
"Nomar Mazara","Rangers","153","644","577","156","28","2","26","80","91","55","127","6","2","1",".271",".337",".464",".801",".343","-0.2","-0.8","2.1","14553"
"Jose Martinez","Cardinals","111","466","418","120","23","1","13","56","58","40","86","2","3","1",".288",".351",".441",".792",".343","-2.2","-0.1","1.8","7996"
"Michael Conforto","Mets","153","644","550","134","28","1","28","80","85","79","158","8","4","2",".244",".345",".454",".799",".343","1.1","1.1","3.3","16376"
"Ryan Braun","Brewers","133","560","503","133","28","2","25","72","80","47","110","4","13","5",".265",".330",".477",".807",".342","-2.2","-1.2","1.8","3410"
"Buster Posey","Giants","130","547","481","138","27","1","13","62","61","55","67","5","4","2",".287",".364",".427",".791",".342","6.9","-2.0","4.4","9166"
"Luke Voit","Yankees","127","532","472","124","22","1","23","67","72","47","121","7","2","1",".263",".336",".458",".794",".342","0.2","0.3","1.8","14811"
"Adam Eaton","Nationals","147","616","535","151","31","3","11","80","56","60","109","12","12","4",".283",".366",".412",".777",".342","0.4","2.2","2.5","11205"
"Miguel Andujar","Yankees","142","595","552","154","33","2","25","75","86","30","92","5","4","2",".279",".321",".481",".802",".341","-4.2","0.6","2.4","15878"
"Matt Chapman","Athletics","155","651","575","143","34","4","29","86","89","62","168","7","4","2",".249",".326",".471",".797",".341","4.7","1.7","4.6","16505"
"Rafael Devers","Red Sox","133","560","508","138","31","1","23","72","80","43","125","2","6","3",".271",".329",".477",".806",".341","-2.6","0.8","2.7","17350"
"Michael Brantley","Astros","142","595","535","151","31","2","17","75","76","48","70","5","10","3",".282",".344",".446",".790",".341","-0.9","0.8","2.4","4106"
"Tommy Pham","Rays","138","581","499","128","21","4","20","73","71","69","152","7","16","6",".256",".352",".430",".782",".341","3.1","2.1","3.1","2967"
"Robinson Cano","Mets","150","630","569","158","32","1","23","76","82","49","88","6","1","1",".278",".339",".457",".796",".340","-0.5","-2.0","3.4","3269"
"Stephen Piscotty","Athletics","153","644","567","148","36","1","23","80","81","59","129","10","4","2",".261",".339",".448",".787",".340","-1.8","-1.4","2.5","13367"
"Shin-Soo Choo","Rangers","152","637","539","137","25","1","20","86","65","79","146","9","7","3",".254",".356",".419",".775",".340","-0.1","-0.5","1.1","3174"
"Chris Iannetta","Rockies","76","320","272","68","15","1","11","38","39","39","79","4","1","0",".249",".350",".435",".785",".340","-0.5","-1.4","1.4","8267"
"Wilmer Flores","Diamondbacks","144","604","554","154","33","1","23","71","82","38","75","6","2","1",".278",".328",".466",".794",".340","-4.4","-1.9","2.4","5827"
"Aaron Hicks","Yankees","150","630","537","133","24","2","23","85","75","81","124","4","11","4",".247",".348",".430",".779",".340","-0.9","2.0","3.5","5297"
"Lorenzo Cain","Brewers","150","630","557","158","28","3","14","84","59","58","107","6","21","6",".284",".356",".422",".778",".339","3.5","2.5","3.8","9077"
"Mitch Haniger","Mariners","153","644","566","147","30","3","23","81","80","61","142","10","7","3",".260",".339",".446",".785",".339","-0.3","-0.5","2.9","14274"
"Justin Smoak","Blue Jays","153","644","555","133","29","1","29","81","87","79","161","4","1","1",".239",".336",".448",".784",".338","0.7","-2.6","1.9","9054"
"Nick Senzel","Reds","114","477","428","118","27","2","14","56","58","39","101","3","11","5",".276",".339",".448",".787",".338","0.0","0.5","2.4","sa873264"
"Travis Shaw","Brewers","150","630","551","137","28","1","28","78","89","68","134","5","6","2",".249",".334",".457",".791",".338","-1.9","-0.5","2.8","11982"
"Ketel Marte","Diamondbacks","142","595","531","149","29","8","13","73","58","52","83","4","8","3",".280",".346",".438",".784",".338","0.0","0.6","2.9","13613"
"Gregory Polanco","Pirates","92","385","340","88","19","2","14","46","50","38","77","2","7","3",".259",".335",".454",".789",".337","0.9","0.6","1.6","12907"
"Dan Vogelbach","Mariners","27","112","96","24","4","0","4","13","14","14","25","1","0","0",".247",".347",".426",".773",".337","0.0","-0.1","0.4","14130"
"Max Kepler","Twins","147","616","540","138","32","4","21","75","76","63","108","6","7","3",".255",".336",".443",".780",".336","4.0","1.6","2.8","12144"
"Miguel Sano","Twins","142","595","517","122","24","1","29","76","84","68","205","4","1","0",".236",".327",".456",".783",".336","-2.3","-1.6","2.5","12164"
"Eric Thames","Brewers","55","231","199","47","9","1","11","31","29","26","70","3","3","1",".235",".329",".459",".788",".336","-0.3","-0.1","0.8","3711"
"Justin Upton","Angels","150","630","552","134","26","1","29","81","90","66","188","6","8","3",".243",".328",".453",".781",".336","-2.4","1.1","2.5","5222"
"Mike Moustakas","","150","630","570","146","29","1","31","78","92","47","106","6","3","1",".257",".317",".474",".792",".336","-1.3","-2.1","2.8","4892"
"David Dahl","Rockies","142","595","544","147","29","5","23","74","85","41","142","4","11","5",".270",".323",".467",".791",".335","0.5","0.9","1.2","13744"
"Javier Baez","Cubs","152","637","591","159","31","5","30","82","97","34","162","6","17","7",".269",".313",".488",".802",".335","-1.4","2.2","3.4","12979"
"Nathaniel Lowe","Rays","75","315","280","74","14","1","12","38","40","28","65","2","1","1",".265",".334",".446",".780",".335","0.0","0.2","1.0","sa918283"
"J.T. Realmuto","Phillies","130","544","495","133","27","2","21","65","72","35","109","8","5","2",".269",".325",".457",".782",".335","2.7","1.3","4.0","11739"
"Jorge Soler","Royals","138","581","503","123","28","1","23","69","70","64","165","6","4","2",".244",".335",".439",".773",".335","0.0","-0.3","1.2","14221"
"Christin Stewart","Tigers","100","420","368","90","16","3","18","52","56","43","96","4","1","0",".246",".328",".449",".777",".335","-1.9","0.1","1.4","17714"
"Justin Bour","Angels","100","420","364","90","15","1","19","53","58","49","101","2","1","1",".246",".337",".446",".783",".335","0.0","-2.2","1.1","9744"
"Asdrubal Cabrera","Rangers","142","595","537","145","33","1","19","74","73","46","108","5","2","1",".271",".332",".445",".777",".334","0.1","-1.8","2.3","4962"
"Max Muncy","Dodgers","134","562","477","112","20","2","23","70","71","74","146","6","3","1",".236",".342",".431",".774",".334","0.7","0.4","2.0","13301"
"Maikel Franco","Phillies","140","590","538","141","27","2","28","70","85","42","87","4","1","1",".263",".318",".473",".791",".334","-3.0","-1.2","2.4","12179"
"Eddie Rosario","Twins","153","644","599","166","34","2","26","83","90","36","120","3","9","4",".277",".318",".470",".788",".334","1.8","2.9","2.7","12155"
"Starling Marte","Pirates","153","644","588","166","32","4","18","81","73","36","122","12","34","12",".282",".334",".442",".776",".334","-1.2","2.7","3.4","9241"
"Garrett Hampson","Rockies","63","263","237","69","12","3","4","30","28","21","42","2","12","4",".291",".350",".417",".767",".334","0.3","0.8","0.9","19262"
"Ian Desmond","Rockies","124","520","469","126","21","5","18","61","68","40","124","5","15","6",".267",".329",".445",".775",".334","-3.1","1.2","1.1","6885"
"Matt Kemp","Reds","40","169","155","41","9","0","7","20","25","12","41","1","0","0",".265",".317",".469",".785",".334","-0.3","-1.3","0.5","5631"
"Peter Alonso","Mets","112","470","416","100","20","1","23","55","66","42","116","7","2","1",".241",".319",".458",".777",".333","0.0","0.3","1.5","sa873981"
"Randal Grichuk","Blue Jays","130","546","499","121","31","2","29","70","82","36","154","5","5","2",".243",".298",".490",".788",".333","1.6","1.0","2.3","10243"
"Yoenis Cespedes","Mets","20","85","77","19","4","0","4","10","12","7","20","1","1","0",".253",".318",".469",".787",".333","0.0","0.1","0.4","13110"
"Willson Contreras","Cubs","114","480","420","108","22","3","15","54","59","47","105","7","4","2",".257",".340",".427",".767",".333","0.2","-1.9","2.8","11609"
"Franmil Reyes","Padres","150","630","564","142","24","1","30","74","87","55","161","4","2","1",".252",".320",".459",".779",".333","-3.4","0.2","1.9","14566"
"Ozzie Albies","Braves","155","651","595","163","34","5","20","81","77","42","107","5","16","6",".274",".324",".449",".774",".332","4.4","2.4","3.5","16556"
"Eric Hosmer","Padres","155","651","578","153","29","2","22","76","77","65","129","2","6","3",".265",".339",".433",".773",".332","0.6","-1.3","1.7","3516"
"Tyler O'Neill","Cardinals","24","100","90","22","4","0","5","12","15","8","30","1","1","0",".244",".307",".472",".779",".332","0.4","0.3","0.4","15711"
"Ben Zobrist","Cubs","100","418","365","98","21","2","8","48","45","46","56","3","3","2",".268",".351",".406",".758",".331","-0.2","-0.3","1.6","7435"
"Corey Dickerson","Pirates","142","595","552","151","33","4","21","72","76","32","116","4","6","3",".275",".317",".466",".783",".331","1.2","-0.7","2.0","10762"
"Ryan McMahon","Rockies","139","583","526","142","31","4","17","68","73","45","144","4","7","3",".270",".330",".443",".773",".331","-2.4","0.8","1.3","15112"
"Tyler White","Astros","137","574","504","126","25","2","22","69","75","57","125","6","3","1",".249",".329",".436",".765",".331","-0.1","0.2","1.5","15564"
"Brandon Nimmo","Mets","150","630","527","126","26","5","16","79","56","82","161","12","10","4",".240",".353",".398",".750",".331","-1.6","1.2","2.5","12927"
"Josh Fuentes","Rockies","7","29","27","8","2","0","1","3","4","1","6","0","0","0",".289",".322",".450",".772",".331","0.0","0.0","0.0","sa829934"
"Jake Lamb","Diamondbacks","142","595","513","123","28","3","21","69","73","71","153","5","6","3",".240",".336",".431",".767",".330","1.8","1.2","1.7","13329"
"Kendrys Morales","Blue Jays","150","630","561","140","27","1","28","77","85","57","136","6","3","1",".249",".323",".450",".773",".330","0.0","-4.7","0.7","8610"
"Gleyber Torres","Yankees","150","630","560","144","25","2","24","78","81","56","145","6","9","5",".257",".329",".439",".767",".330","-6.0","-0.2","2.4","16997"
"Brandon Lowe","Rays","58","245","217","55","12","1","9","30","30","23","57","2","3","1",".253",".328",".436",".764",".330","0.2","0.2","1.1","18882"
"Jonathan Schoop","Twins","133","560","521","138","29","1","25","68","78","26","121","7","2","1",".266",".307",".469",".776",".330","-2.2","-0.9","2.2","11265"
"Jesus Aguilar","Brewers","150","630","561","136","26","1","30","76","90","57","166","6","1","0",".242",".317",".454",".771",".330","1.2","-1.1","1.3","11342"
"Enrique Hernandez","Dodgers","122","513","448","111","24","2","19","62","64","55","102","3","3","1",".247",".330",".439",".770",".330","2.1","1.3","2.5","10472"
"Matt Adams","Nationals","58","245","222","56","12","0","11","29","34","19","58","2","1","0",".254",".316",".460",".776",".330","0.3","-0.2","0.7","9393"
"Danny Jansen","Blue Jays","107","448","394","101","23","1","14","53","51","40","68","8","3","1",".257",".335",".423",".759",".330","-2.0","0.4","2.7","16535"
"Mitch Moreland","Red Sox","83","350","311","78","19","2","12","44","47","32","80","3","1","0",".251",".325",".442",".767",".329","1.8","-1.1","0.7","3086"
"Steven Souza Jr.","Diamondbacks","133","560","485","116","22","4","20","66","67","61","163","7","11","4",".239",".330",".427",".757",".329","-2.5","1.6","1.4","5667"
"Jake Bauers","Indians","150","630","544","133","31","1","20","77","76","74","145","5","16","8",".245",".338",".415",".753",".329","0.8","1.3","1.4","15194"
"Brian Dozier","Nationals","133","560","490","119","25","2","22","67","72","58","116","6","10","4",".242",".327",".433",".761",".328","-2.4","1.5","2.2","9810"
"Jurickson Profar","Athletics","147","616","544","141","31","4","16","73","70","55","92","9","8","3",".259",".335",".420",".755",".328","-1.5","0.7","2.9","10815"
"Francisco Cervelli","Pirates","110","462","393","101","18","3","9","48","47","54","99","9","4","2",".256",".357",".382",".739",".328","-0.4","-0.8","2.6","5275"
"Evan Gattis","","83","350","317","78","15","0","18","40","50","25","76","4","1","1",".246",".306",".463",".769",".327","0.0","-1.0","0.4","11003"
"Willians Astudillo","Twins","30","127","120","35","6","1","4","15","16","4","9","2","2","1",".291",".320",".442",".762",".327","-0.1","0.1","0.6","15608"
"Ji-Man Choi","Rays","100","420","364","88","19","1","15","49","52","49","108","3","3","1",".241",".334",".418",".752",".327","0.1","-0.4","0.8","5452"
"Trey Mancini","Orioles","148","623","568","148","26","3","24","71","81","44","150","6","1","1",".261",".318",".444",".762",".327","-6.9","0.0","1.1","15149"
"Didi Gregorius","Yankees","70","294","269","71","13","1","11","36","40","19","39","3","4","2",".265",".317",".446",".763",".326","0.4","1.0","1.6","6012"
"Jorge Polanco","Twins","148","623","561","153","31","5","14","80","64","49","101","4","15","7",".272",".333",".420",".753",".326","-5.9","0.7","2.5","13152"
"Victor Robles","Nationals","144","603","543","149","30","4","13","72","63","40","109","11","28","12",".274",".335",".417",".752",".326","0.5","0.6","2.3","18363"
"Wil Myers","Padres","133","560","492","118","26","2","22","68","67","58","148","4","16","6",".240",".322",".433",".756",".326","0.4","1.7","1.9","10047"
"Yuli Gurriel","Astros","133","560","524","148","34","1","15","64","71","24","69","6","4","2",".284",".320",".437",".757",".326","-3.9","-1.1","1.0","19198"
"Paul DeJong","Cardinals","143","602","547","139","29","1","25","71","83","40","149","8","2","1",".254",".311",".449",".761",".326","2.4","0.3","3.3","18015"
"Nick Markakis","Braves","150","630","556","152","32","1","12","68","68","63","91","4","2","1",".274",".350",".402",".751",".325","-2.7","-1.7","1.0","5930"
"Mark Trumbo","Orioles","142","595","542","134","23","1","29","70","83","43","150","4","1","1",".247",".305",".455",".760",".325","0.0","-1.5","0.7","6876"
"Marwin Gonzalez","","142","595","532","138","30","2","19","64","71","50","129","5","6","3",".260",".327",".428",".755",".325","2.3","-0.6","1.8","5497"
"Yandy Diaz","Rays","107","448","385","104","17","2","6","47","42","55","89","3","3","1",".271",".363",".371",".733",".325","1.5","-0.2","1.4","16578"
"Robbie Grossman","","33","140","119","30","6","0","3","15","14","18","28","1","1","0",".251",".354",".378",".732",".325","-1.3","-0.2","0.2","5254"
"Ian Happ","Cubs","106","447","382","89","17","2","18","53","56","55","138","4","8","4",".232",".332",".427",".759",".325","-0.6","0.0","1.5","17919"
"Jason Heyward","Cubs","125","525","465","125","24","3","11","55","58","49","75","4","4","2",".269",".341",".405",".746",".325","7.1","1.3","2.2","4940"
"Josh Reddick","Astros","92","385","344","90","16","2","12","45","47","35","60","1","5","2",".262",".330",".424",".754",".325","-0.8","0.7","1.3","3892"
"Kyle Tucker","Astros","33","140","126","32","6","1","5","17","18","11","31","1","4","2",".253",".317",".441",".757",".325","-0.1","0.1","0.5","18345"
"Jackie Bradley Jr.","Red Sox","150","630","552","137","32","4","19","79","76","59","154","10","13","4",".248",".329",".422",".751",".324","3.8","2.3","3.0","12984"
"Rougned Odor","Rangers","153","644","585","146","29","3","28","80","86","43","144","8","16","8",".249",".307",".453",".760",".324","-2.0","1.6","2.1","12282"
"Jeff McNeil","Mets","75","314","286","79","15","3","7","36","32","20","41","4","4","2",".276",".330",".422",".751",".324","-0.1","1.4","1.4","15362"
"Melky Cabrera","Pirates","38","160","147","42","9","1","4","17","18","10","21","1","1","0",".283",".329",".420",".749",".324","-0.3","-1.1","0.4","4022"
"Odubel Herrera","Phillies","147","616","557","149","28","3","18","68","71","45","128","6","8","3",".267",".327",".426",".753",".324","0.9","1.0","2.1","11476"
"Kolten Wong","Cardinals","117","490","429","112","23","3","11","51","53","43","74","12","8","3",".262",".342",".406",".748",".324","1.2","1.3","2.3","12532"
"Greg Bird","Yankees","43","182","159","36","8","0","8","23","24","19","45","2","1","0",".227",".315",".435",".750",".324","0.2","-0.1","0.3","14131"
"Howie Kendrick","Nationals","40","166","151","42","9","1","3","19","18","11","33","2","3","1",".280",".335",".410",".745",".323","0.0","-0.2","0.5","4229"
"Brian Anderson","Marlins","153","644","571","149","30","3","16","69","66","56","131","10","3","2",".260",".335",".407",".741",".323","-1.8","0.4","2.7","18289"
"Joe Panik","Giants","133","560","499","138","27","3","9","61","52","48","53","5","5","2",".276",".343",".401",".744",".323","-0.3","-0.1","2.3","11936"
"Kurt Suzuki","Nationals","73","307","279","74","15","0","10","34","39","18","41","7","1","0",".264",".322",".424",".746",".323","-1.5","-1.2","1.3","8259"
"Willie Calhoun","Rangers","78","329","300","80","16","1","11","39","41","22","45","3","2","1",".267",".320",".434",".754",".323","-0.8","0.2","0.4","17838"
"Hunter Renfroe","Padres","66","278","256","63","13","1","14","32","40","17","71","3","1","1",".246",".297",".463",".761",".322","-0.9","0.0","0.7","15464"
"Jean Segura","Phillies","152","637","585","166","30","3","14","79","62","35","86","7","20","8",".284",".330",".415",".745",".322","-5.9","1.3","2.4","5933"
"A.J. Pollock","Dodgers","133","560","504","127","28","3","19","72","64","42","109","7","16","5",".252",".316",".433",".749",".322","-0.5","2.0","2.5","9256"
"Yonathan Daza","Rockies","3","14","13","4","1","0","0","1","1","1","2","0","0","0",".300",".330",".416",".746",".322","0.0","0.0","0.0","sa597083"
"Michael Reed","Twins","22","91","78","20","4","0","2","11","9","10","26","1","2","1",".250",".342",".391",".733",".322","0.4","0.0","0.3","13228"
"Clint Frazier","Yankees","20","84","75","18","4","1","3","10","10","7","22","1","1","1",".244",".316",".430",".746",".322","-0.3","0.0","0.2","15983"
"Jedd Gyorko","Cardinals","61","256","228","56","10","1","9","28","32","24","54","2","2","1",".248",".321",".422",".743",".322","-1.0","-0.8","0.8","10816"
"Austin Meadows","Rays","130","546","501","133","29","3","17","62","67","35","99","4","15","6",".265",".315",".436",".751",".322","-1.8","0.9","1.5","15672"
"Wilson Ramos","Mets","91","384","353","92","16","1","15","42","51","26","69","2","1","0",".261",".312",".439",".752",".322","1.6","-2.9","2.2","1433"
"Tyler Flowers","Braves","87","367","319","79","15","1","11","39","42","33","94","11","1","0",".248",".335",".397",".732",".322","-2.2","-0.9","1.5","9134"
"Logan Morrison","","117","490","425","96","19","1","22","57","64","54","116","6","2","1",".226",".319",".426",".745",".322","-0.5","-0.3","0.7","9205"
"Dexter Fowler","Cardinals","84","354","302","72","15","2","9","40","37","44","79","4","5","2",".239",".341",".390",".731",".322","-2.5","1.0","0.9","4062"
"Rowdy Tellez","Blue Jays","5","21","19","5","1","0","1","2","3","2","4","0","0","0",".256",".316",".431",".748",".321","0.0","0.0","0.0","15679"
"Tyler Austin","Twins","42","175","157","38","8","1","8","21","23","15","55","1","1","1",".239",".306",".443",".749",".321","0.0","0.1","0.3","11850"
"Scott Schebler","Reds","91","382","340","82","17","1","16","43","50","30","88","7","3","2",".240",".312",".435",".747",".321","-3.1","0.6","0.8","12225"
"Dustin Pedroia","Red Sox","132","553","491","134","25","1","10","64","58","53","69","3","5","2",".272",".344",".390",".733",".321","4.0","-1.8","2.0","8370"
"Ramon Laureano","Athletics","125","525","467","118","24","3","15","65","56","44","132","6","16","6",".252",".323",".416",".738",".321","2.3","2.0","2.7","17128"
"Billy McKinney","Blue Jays","100","420","376","91","19","4","15","52","49","35","98","3","3","1",".242",".310",".435",".746",".321","-1.6","-0.2","0.9","15654"
"Jose Osuna","Pirates","24","99","91","24","6","0","3","11","12","6","18","1","1","0",".268",".316",".430",".745",".321","0.0","0.0","0.2","12937"
"Domingo Santana","Mariners","145","609","528","125","25","1","20","68","70","69","198","5","7","3",".237",".329",".406",".734",".320","-3.7","0.8","1.6","10348"
"Yonder Alonso","White Sox","142","595","522","125","24","1","22","68","71","63","127","3","1","1",".240",".323",".416",".739",".320","0.1","-1.3","0.9","2530"
"Carlos Gonzalez","","125","525","474","119","27","2","19","60","68","43","124","3","4","2",".250",".314",".435",".749",".320","0.9","0.0","1.3","7287"
"Aledmys Diaz","Astros","32","133","122","32","7","0","4","16","17","8","20","1","2","1",".263",".312",".435",".747",".320","-0.2","-0.2","0.6","15937"
"Denard Span","","83","350","311","80","15","3","8","42","35","30","54","3","7","2",".258",".328",".406",".734",".320","-2.3","0.6","0.6","8347"
"Adam Frazier","Pirates","145","610","544","148","30","4","9","69","55","50","87","7","11","5",".272",".339",".394",".733",".320","-3.5","1.2","2.0","15223"
"Raimel Tapia","Rockies","78","326","302","86","17","4","6","37","36","17","62","2","10","4",".284",".324",".420",".744",".320","-0.8","1.0","0.2","14350"
"Eduardo Nunez","Red Sox","43","182","170","48","10","1","4","21","22","8","25","1","4","2",".285",".318",".425",".743",".320","-0.5","-0.2","0.4","6848"
"Whit Merrifield","Royals","152","637","579","159","36","3","11","79","58","44","106","5","29","10",".275",".330",".406",".736",".320","-0.2","3.1","2.7","11281"
"Alex Verdugo","Dodgers","133","560","508","138","27","1","14","61","63","41","82","3","7","3",".271",".327",".410",".737",".319","-0.1","0.5","1.5","17027"
"Ronald Guzman","Rangers","133","560","499","126","22","2","19","64","66","46","130","7","3","1",".252",".321",".417",".739",".319","2.1","0.5","0.7","14388"
"Jeimer Candelario","Tigers","150","630","553","132","31","3","19","75","70","63","150","7","3","2",".240",".323",".411",".733",".319","1.1","0.9","2.6","13621"
"Johan Camargo","Braves","95","398","359","94","20","1","11","42","47","31","79","3","1","1",".261",".323",".418",".740",".319","-0.4","-0.3","1.3","14950"
"Kole Calhoun","Angels","150","630","553","134","25","3","21","78","71","63","138","6","6","2",".243",".324",".410",".734",".319","2.5","0.6","2.0","11200"
"Scooter Gennett","Reds","152","637","584","153","30","3","20","73","81","42","135","4","4","2",".262",".314",".427",".741",".319","-5.1","-0.7","1.4","10339"
"Colin Moran","Pirates","120","505","454","120","21","1","14","52","58","41","101","4","2","1",".265",".328",".407",".736",".318","-3.0","-0.9","1.4","16909"
"Nick Williams","Phillies","69","290","264","66","12","2","11","32","37","18","76","4","3","1",".251",".307",".435",".743",".318","-2.0","0.0","0.4","14330"
"Neil Walker","Marlins","81","339","297","74","13","1","10","33","36","34","66","3","1","1",".249",".329",".403",".732",".318","0.5","0.1","0.9","7539"
"Mike Tauchman","Rockies","19","78","70","19","3","1","1","9","8","7","15","0","2","1",".267",".331",".400",".731",".318","-0.2","0.0","0.0","15274"
"Jordan Luplow","Indians","117","490","435","106","22","3","15","59","58","44","99","5","8","3",".245",".319",".416",".736",".318","1.4","-0.3","1.0","16424"
"Austin Dean","Marlins","112","470","391","104","19","3","11","41","46","28","73","4","3","1",".267",".320",".413",".733",".318","-1.5","0.4","1.1","18288"
"Cesar Hernandez","Phillies","153","644","552","142","22","4","10","76","51","77","131","5","15","6",".256",".350",".365",".715",".317","-1.5","1.0","2.1","10556"
"Jose Bautista","","83","350","292","63","13","0","12","41","37","49","92","4","4","2",".214",".333",".385",".719",".317","0.0","-1.2","0.1","1887"
"Lonnie Chisenhall","Pirates","76","320","289","75","16","2","8","33","36","24","60","3","3","1",".260",".321",".413",".734",".317","-0.4","1.0","0.8","7571"
"Eduardo Escobar","Diamondbacks","152","637","576","145","36","4","19","70","75","49","130","5","4","2",".252",".314",".428",".742",".317","0.0","0.5","2.0","6153"
"Kyle Seager","Mariners","150","630","565","136","30","1","24","72","81","52","125","7","3","1",".242",".311",".429",".739",".317","1.0","-1.2","2.7","9785"
"Michael Chavis","Red Sox","3","14","13","3","1","0","1","2","2","1","4","0","0","0",".248",".300",".439",".739",".317","0.0","0.0","0.0","sa828673"
"Adam Jones","","150","630","586","156","29","1","22","75","76","30","110","6","4","2",".266",".307",".430",".737",".317","-10.0","0.3","1.2","6368"
"Yadier Molina","Cardinals","125","527","483","129","25","1","15","56","63","31","73","6","5","2",".267",".317",".415",".732",".316","5.3","-3.1","2.9","7007"
"Yangervis Solarte","","83","350","319","82","17","1","11","39","44","24","51","3","2","1",".257",".314",".420",".734",".316","-3.3","-1.4","0.7","5352"
"Daniel Robertson","Rays","90","378","325","79","16","1","8","41","38","41","86","7","3","1",".243",".338",".376",".713",".316","0.5","0.1","1.6","14145"
"LaMonte Wade","Twins","2","7","6","2","0","0","0","1","1","1","1","0","0","0",".259",".336",".385",".721",".316","0.0","0.0","0.0","sa856280"
"Troy Tulowitzki","Yankees","58","245","222","56","9","1","9","28","31","18","46","2","1","1",".252",".311",".422",".733",".316","-0.5","-0.8","0.9","3531"
"Marcus Semien","Athletics","153","644","576","144","32","2","19","76","71","57","128","3","12","5",".251",".319",".410",".728",".316","-6.6","1.1","2.4","12533"
"Teoscar Hernandez","Blue Jays","100","420","379","90","20","3","16","49","52","33","121","3","7","4",".237",".301",".435",".737",".316","-2.9","0.1","0.5","13066"
"Ben Gamel","Brewers","29","121","108","29","6","1","2","13","12","10","25","1","2","1",".267",".333",".393",".725",".316","-0.2","0.3","0.3","12160"
"Andrelton Simmons","Angels","155","651","595","165","31","4","12","73","69","43","60","5","11","4",".277",".328",".399",".727",".316","11.0","0.0","4.2","10847"
"Tyler Naquin","Indians","133","560","505","132","26","2","14","63","64","42","144","5","7","3",".262",".322",".408",".730",".316","-0.6","1.0","0.8","13359"
"Victor Caratini","Cubs","44","183","164","43","9","1","4","19","20","15","36","2","1","0",".262",".328",".397",".724",".316","0.1","0.1","0.8","14968"
"DJ LeMahieu","Yankees","147","616","552","149","26","2","12","72","63","51","91","4","8","4",".269",".333",".388",".721",".316","4.6","-0.5","2.3","9874"
"Jason Kipnis","Indians","147","616","546","135","33","2","16","73","68","55","122","6","7","3",".248",".322",".403",".724",".316","-1.6","1.4","1.9","9776"
"Jay Bruce","Mariners","100","420","375","88","19","1","17","48","54","39","94","2","3","1",".234",".307",".430",".737",".316","-1.2","-0.5","0.7","9892"
"Yoan Moncada","White Sox","152","637","554","131","25","4","19","77","64","70","189","4","16","6",".236",".324",".398",".722",".316","-3.7","1.9","2.2","17232"
"Salvador Perez","Royals","127","534","502","126","25","1","25","60","74","20","108","8","2","1",".252",".289",".453",".741",".316","7.4","-2.8","3.0","7304"
"Brock Holt","Red Sox","60","252","221","57","13","1","3","28","25","25","50","3","5","2",".260",".340",".376",".716",".315","-0.5","0.2","0.6","9345"
"Brett Gardner","Yankees","92","385","334","82","14","3","9","50","38","40","72","4","9","3",".245",".331",".386",".717",".315","1.9","2.0","1.2","9927"
"Jed Lowrie","Mets","142","598","524","127","29","1","16","70","59","64","113","4","1","0",".243",".327",".393",".720",".315","-0.5","-1.3","2.1","4418"
"Avisail Garcia","Rays","67","280","255","65","11","2","10","32","35","18","68","3","2","1",".255",".311",".423",".733",".315","-0.2","-0.2","0.4","5760"
"Ryan O'Hearn","Royals","147","616","548","129","27","2","23","68","74","57","168","4","2","1",".235",".309",".420",".729",".315","-1.4","-0.3","0.5","16442"
"Evan Longoria","Giants","150","630","579","148","31","3","21","68","80","39","120","6","4","2",".255",".306",".430",".736",".315","-0.1","0.2","2.2","9368"
"Matt Holliday","","50","210","184","44","9","0","7","23","24","21","53","2","1","0",".237",".321",".399",".721",".315","-3.5","-0.9","-0.1","1873"
"Chris Taylor","Dodgers","138","581","516","128","30","5","13","64","60","51","153","6","11","5",".248",".321",".401",".722",".315","0.4","2.3","2.4","13757"
"Daniel Palka","White Sox","108","455","412","95","15","2","23","53","63","36","144","3","3","2",".231",".294",".445",".739",".314","-2.6","-0.1","0.6","14897"
"D.J. Stewart","Orioles","98","413","363","87","16","1","13","46","46","39","92","5","9","4",".241",".320",".402",".722",".314","0.3","0.5","0.8","17766"
"Mitch Garver","Twins","41","174","154","38","9","1","4","19","19","16","41","1","1","0",".248",".322",".401",".723",".314","-0.9","0.0","0.7","15161"
"Mark Canha","Athletics","63","266","237","57","13","1","9","31","31","20","64","5","2","1",".241",".312",".415",".727",".314","-0.4","0.0","0.6","11445"
"Nicky Delmonico","White Sox","55","231","204","48","9","2","7","26","26","22","53","2","2","1",".237",".315",".408",".723",".314","-0.4","-0.1","0.4","13157"
"Devon Travis","Blue Jays","100","420","389","103","23","2","12","49","48","21","74","3","5","2",".264",".305",".425",".730",".313","-3.3","0.5","1.1","13862"
"David Freese","Dodgers","59","246","217","54","10","1","7","27","28","21","64","5","1","0",".246",".324",".396",".719",".313","0.4","-1.5","0.5","9549"
"Cedric Mullins II","Orioles","150","630","572","147","30","4","16","75","62","44","106","4","16","6",".258",".314",".410",".723",".313","-4.5","1.4","1.8","17929"
"Austin Riley","Braves","19","79","72","18","4","0","3","9","10","5","23","1","0","0",".249",".304",".426",".730",".313","0.0","0.1","0.2","sa874756"
"Todd Frazier","Mets","69","290","252","55","10","0","12","32","36","30","70","4","4","2",".218",".310",".410",".719",".313","0.9","-0.1","0.9","785"
"Addison Russell","Cubs","88","371","329","81","18","1","10","38","42","33","76","4","3","1",".248",".321",".402",".723",".313","3.3","0.6","1.8","14106"
"Lourdes Gurriel Jr.","Blue Jays","75","315","294","78","15","1","11","38","35","13","66","3","4","2",".266",".301",".428",".730",".313","-2.1","0.2","1.1","19238"
"Ender Inciarte","Braves","153","644","583","160","27","5","9","69","60","47","86","5","24","10",".274",".331",".385",".716",".313","2.7","2.5","2.3","4922"
"Matt Duffy","Rays","83","350","315","85","16","1","5","39","34","26","60","4","7","3",".271",".333",".378",".711",".313","1.5","-0.3","1.3","13836"
"Elvis Andrus","Rangers","155","651","592","157","34","4","11","73","69","46","97","5","14","6",".266",".322",".394",".716",".312","-4.6","1.8","1.7","8709"
"Jose Peraza","Reds","153","644","597","168","28","4","11","74","64","30","76","8","23","8",".281",".323",".398",".721",".312","-1.8","2.1","2.2","13593"
"Bobby Bradley","Indians","8","35","31","7","1","0","2","4","5","3","10","0","0","0",".229",".296",".435",".731",".312","0.0","0.0","0.0","sa828799"
"Austin Hays","Orioles","12","49","46","12","2","0","2","6","6","2","10","0","1","0",".258",".292",".437",".729",".312","-0.1","0.0","0.1","19363"
"Ryon Healy","Mariners","83","350","325","82","15","0","14","38","45","19","78","2","1","0",".251",".294",".432",".726",".311","-1.4","-0.9","0.3","15447"
"Curtis Granderson","Marlins","132","555","472","105","21","3","16","61","51","69","138","6","5","2",".222",".326",".382",".708",".311","-3.2","0.0","0.8","4747"
"Christian Walker","Diamondbacks","43","180","163","39","8","1","7","20","22","13","50","2","1","1",".239",".298",".426",".724",".311","0.1","0.1","0.2","13419"
"Joe McCarthy","Rays","17","70","61","15","3","0","2","8","7","7","16","1","1","0",".239",".327",".380",".706",".311","0.0","0.1","0.1","sa858039"
"Russell Martin","Dodgers","53","224","190","42","7","0","7","24","24","27","56","4","1","1",".219",".325",".375",".701",".311","0.5","-1.0","1.1","4616"
"Adalberto Mondesi","Royals","155","651","606","153","29","7","23","80","77","32","165","4","45","14",".253",".292",".436",".729",".311","2.1","4.4","3.1","13769"
"Noel Cuevas","Rockies","31","130","121","33","5","1","3","14","14","6","25","1","2","1",".276",".315",".407",".722",".311","-0.1","0.1","0.0","11894"
"Daniel Descalso","Cubs","63","263","225","52","11","1","6","28","28","32","63","2","1","1",".230",".330",".374",".705",".311","-1.2","0.4","0.6","8392"
"Zack Cozart","Angels","150","630","561","136","27","4","18","77","67","54","106","6","3","1",".243",".314",".400",".714",".311","8.1","-0.3","3.1","2616"
"Renato Nunez","Orioles","140","588","534","128","24","1","23","64","72","42","147","5","2","1",".239",".299",".421",".720",".311","2.1","-0.6","1.9","14503"
"David Bote","Cubs","26","108","97","24","5","1","3","11","13","8","27","1","1","1",".246",".311",".409",".720",".311","-0.2","0.1","0.3","14593"
"Dwight Smith Jr.","Blue Jays","13","56","50","12","3","0","1","6","6","5","11","1","1","0",".250",".320",".390",".710",".311","-0.4","0.0","0.1","13473"
"Brandon Crawford","Giants","152","637","571","146","33","3","15","62","69","53","128","6","6","3",".255",".322",".402",".725",".310","3.4","0.2","2.8","5343"
"Alex Avila","Diamondbacks","99","415","343","72","14","1","11","43","40","64","143","3","1","1",".211",".337",".359",".695",".310","1.8","-1.8","1.5","7476"
"Elias Diaz","Pirates","38","160","147","39","8","0","3","16","18","10","27","1","1","0",".268",".318",".396",".714",".310","-0.2","-0.1","0.7","11680"
"Jonathan Villar","Orioles","142","595","531","133","24","2","16","69","58","52","155","4","32","10",".250",".320",".390",".709",".310","-10.7","2.1","1.2","10071"
"Franchy Cordero","Padres","45","191","175","43","8","2","6","21","22","12","60","1","5","2",".248",".300",".421",".721",".310","-1.0","0.6","0.5","14567"
"Andy Young","Diamondbacks","10","43","39","10","2","0","1","4","5","2","9","1","0","0",".253",".307",".408",".716",".310","0.0","0.0","0.1","sa919031"
"Pablo Reyes","Pirates","35","148","135","36","7","1","3","16","15","10","26","1","4","2",".263",".318",".394",".712",".310","-0.2","0.1","0.3","16357"
"Manuel Margot","Padres","117","490","446","116","21","6","11","51","48","33","81","3","15","7",".260",".313",".406",".719",".310","2.4","0.6","1.8","14712"
"Scott Heineman","Rangers","3","14","13","3","1","0","0","2","1","1","3","0","0","0",".260",".321",".388",".709",".309","0.0","0.0","0.0","sa827137"
"Carter Kieboom","Nationals","3","14","13","3","1","0","0","1","2","1","3","0","0","0",".259",".315",".394",".709",".309","0.0","0.0","0.0","sa917937"
"Tony Kemp","Astros","72","301","269","72","12","2","4","34","29","25","41","2","9","4",".267",".332",".370",".702",".309","-1.7","-0.1","0.6","14894"
"Albert Almora Jr.","Cubs","112","470","434","118","25","2","9","48","50","26","79","3","3","1",".272",".314",".399",".713",".309","0.9","-0.5","1.3","14109"
"Brian McCann","Braves","61","256","225","51","8","0","10","27","31","24","48","4","1","0",".229",".311",".396",".707",".308","0.3","-1.2","0.9","4810"
"Albert Pujols","Angels","100","420","387","97","16","0","17","48","57","26","63","3","1","1",".249",".299",".422",".721",".308","-0.4","-3.0","0.1","1177"
"Logan Forsythe","","17","70","61","15","3","0","1","8","6","8","16","1","1","0",".242",".332",".363",".695",".308","-0.2","0.0","0.2","7185"
"Starlin Castro","Marlins","152","637","588","157","31","2","15","63","67","38","124","4","5","2",".266",".312",".401",".713",".308","-3.6","-0.9","1.6","4579"
"Devin Mesoraco","Mets","8","32","28","6","1","0","1","3","4","3","7","0","0","0",".225",".307",".404",".712",".308","-0.1","0.0","0.1","5666"
"Nick Solak","Rays","3","14","12","3","1","0","0","2","1","1","3","0","0","0",".250",".320",".381",".701",".308","0.0","0.0","0.0","sa874054"
"Dustin Fowler","Athletics","40","168","158","41","8","2","4","20","19","7","34","1","5","2",".262",".295",".423",".719",".308","0.1","0.2","0.4","17098"
"Mallex Smith","Mariners","153","644","573","151","27","7","6","78","49","54","128","6","40","14",".263",".331",".366",".697",".308","-3.3","3.8","2.3","13608"
"Anthony Santander","Orioles","13","56","52","13","3","0","2","6","6","3","11","1","1","0",".252",".298",".416",".715",".307","0.1","0.1","0.1","14551"
"Marco Hernandez","Red Sox","2","7","7","2","0","0","0","1","1","0","2","0","0","0",".275",".312",".398",".710",".307","0.0","0.0","0.0","13154"
"Mikie Mahtook","Tigers","117","490","445","109","18","7","14","54","55","33","126","6","7","3",".244",".303",".411",".714",".307","0.0","0.3","0.3","13130"
"Chad Pinder","Athletics","52","217","197","48","10","1","7","25","25","14","59","3","1","1",".244",".301",".409",".711",".307","0.5","-0.2","0.5","15191"
"Corban Joseph","Orioles","3","14","13","3","1","0","0","1","1","1","2","0","0","0",".268",".318",".388",".705",".307","-0.1","0.0","0.0","5503"
"Austin Slater","Giants","110","464","415","107","21","2","9","45","46","37","115","6","8","4",".257",".324",".378",".702",".307","0.2","0.5","0.7","16153"
"Willy Adames","Rays","148","623","553","137","23","4","14","65","64","59","158","4","10","5",".248",".323",".381",".703",".307","-4.6","0.9","2.0","15986"
"Travis d'Arnaud","Mets","50","211","191","46","9","1","7","21","25","16","39","2","1","0",".241",".302",".410",".712",".307","-1.2","-0.3","0.9","7739"
"Garrett Cooper","Marlins","93","390","353","90","20","1","9","36","39","28","84","4","2","1",".255",".314",".393",".707",".307","0.3","0.1","0.6","15279"
"J.D. Davis","Mets","24","100","90","22","4","0","3","10","12","8","25","1","1","0",".240",".302",".406",".709",".307","0.0","0.1","0.2","16219"
"Byron Buxton","Twins","125","525","477","116","24","4","16","63","59","36","148","5","19","5",".244",".301",".410",".711",".306","6.1","3.8","2.3","14161"
"Harrison Bader","Cardinals","139","582","525","129","23","2","18","62","66","40","160","10","15","7",".246",".308",".399",".707",".306","4.5","2.4","2.2","18030"
"Cameron Maybin","","42","175","154","39","7","1","3","19","16","17","36","1","6","2",".250",".328",".366",".694",".306","-1.6","0.3","0.3","5223"
"Luis Arraez","Twins","2","7","7","2","0","0","0","1","1","0","1","0","0","0",".284",".323",".379",".702",".306","0.0","0.0","0.0","sa828153"
"Ian Kinsler","Padres","125","526","472","116","23","1","14","59","48","40","77","7","13","5",".246",".312",".388",".700",".306","2.4","0.8","1.8","6195"
"Jose Pirela","Padres","19","80","73","19","4","0","2","8","8","5","15","1","1","1",".260",".312",".391",".703",".305","0.0","-0.2","0.2","5485"
"Omar Narvaez","Mariners","107","448","391","97","17","1","8","45","43","47","80","3","2","1",".249",".332",".358",".690",".305","-3.8","-0.7","1.7","13338"
"Welington Castillo","White Sox","99","416","380","92","16","1","16","45","50","28","111","3","2","1",".241",".297",".410",".707",".305","2.7","-1.5","2.0","3256"
"Austin Barnes","Dodgers","91","384","329","77","16","1","8","39","37","44","86","5","6","2",".233",".331",".360",".691",".305","0.2","0.0","1.7","12158"
"Yairo Munoz","Cardinals","62","261","238","62","12","1","7","27","29","17","50","2","5","2",".259",".312",".398",".711",".305","-1.1","0.1","0.5","16313"
"Ramon Urias","Cardinals","7","28","26","6","1","0","1","3","3","2","6","0","0","0",".254",".309",".392",".700",".305","0.0","0.0","0.1","sa597169"
"Josh Harrison","","125","525","480","124","26","2","11","58","51","27","96","10","7","3",".258",".310",".392",".702",".305","-2.6","1.4","1.2","8202"
"Phillip Ervin","Reds","32","135","119","28","6","1","4","14","15","12","32","2","5","2",".236",".312",".385",".697",".304","-0.7","0.4","0.1","14738"
"Kevin Pillar","Blue Jays","145","609","565","146","36","2","15","66","67","28","104","7","14","5",".258",".299",".406",".705",".304","2.8","2.0","2.1","12434"
"Jonathan Lucroy","Angels","91","384","345","88","18","1","8","41","41","30","60","4","1","1",".254",".318",".381",".699",".304","2.1","-1.4","1.9","7870"
"Kevin Cron","Diamondbacks","15","64","59","14","3","0","2","7","8","4","18","1","0","0",".238",".290",".417",".708",".304","0.0","0.0","0.1","sa597807"
"Aaron Altherr","Phillies","55","230","201","45","10","1","7","25","25","23","67","3","3","1",".222",".309",".387",".696",".304","-0.4","-0.1","0.3","11270"
"Chris Young","","50","210","186","42","9","1","7","22","24","19","53","2","3","1",".224",".301",".397",".698",".304","-2.4","0.0","-0.1","3882"
"Alex Gordon","Royals","148","623","547","130","26","1","16","65","62","57","150","11","9","4",".237",".319",".375",".694",".304","6.5","0.1","1.3","5209"
"Kevin Plawecki","Indians","76","320","285","69","14","1","8","34","35","26","64","5","1","1",".241",".313",".385",".698",".304","-0.3","-0.7","1.1","13807"
"Taylor Ward","Angels","8","35","31","7","1","0","1","4","4","3","8","0","0","0",".242",".316",".377",".693",".304","0.0","0.0","0.0","17548"
"Jordy Mercer","Tigers","117","490","437","110","24","3","10","52","50","41","85","5","2","1",".252",".320",".390",".711",".304","-3.5","0.2","1.3","6547"
"Rio Ruiz","Orioles","40","168","151","37","7","1","4","17","17","14","37","1","1","0",".245",".311",".386",".698",".304","0.5","0.1","0.3","14103"
"Jake Cave","Twins","47","196","178","44","9","1","5","21","22","13","56","2","2","1",".249",".304",".399",".703",".303","-0.3","0.1","0.3","14477"
"Kevan Smith","Angels","46","192","177","47","9","0","4","20","21","10","31","2","1","0",".264",".312",".384",".696",".303","-1.7","-0.4","0.7","12284"
"Bryan Reynolds","Pirates","2","7","6","2","0","0","0","1","1","0","1","0","0","0",".263",".319",".377",".697",".303","0.0","0.0","0.0","sa873683"
"Kevin Kiermaier","Rays","145","609","545","130","23","8","15","70","61","48","142","8","18","7",".238",".306",".395",".701",".303","7.3","3.3","2.8","11038"
"Matt Wieters","","76","320","285","68","13","1","9","32","36","28","63","3","1","1",".239",".311",".389",".700",".303","1.2","-1.0","1.3","4298"
"Dansby Swanson","Braves","125","525","464","115","24","3","12","52","55","49","111","3","8","4",".249",".322",".390",".713",".303","0.4","1.2","1.6","18314"
"Mark Zagunis","Cubs","12","49","42","9","2","0","1","5","5","6","13","1","1","0",".226",".329",".351",".679",".303","0.0","0.0","0.0","16565"
"Guillermo Heredia","Rays","33","140","124","31","6","0","2","14","13","12","22","3","2","1",".252",".327",".356",".684",".303","-0.7","0.1","0.2","18721"
"Tucker Barnhart","Reds","116","487","429","106","22","2","9","46","49","47","87","3","3","1",".247",".323",".373",".696",".303","5.2","-1.9","2.0","10200"
"Brandon Drury","Blue Jays","88","371","334","82","21","1","9","38","39","28","87","4","2","1",".244",".307",".391",".698",".303","-1.5","-0.5","0.6","11615"
"Jorge Bonifacio","Royals","27","112","100","24","5","1","3","12","11","10","29","1","1","0",".238",".310",".385",".695",".303","0.0","0.1","0.0","12174"
"Isiah Kiner-Falefa","Rangers","64","268","241","64","12","1","3","27","25","20","40","3","5","3",".264",".326",".362",".687",".303","-0.2","0.0","0.6","16512"
"Yan Gomes","Nationals","73","307","280","68","14","0","11","31","37","18","82","5","1","0",".241",".295",".408",".703",".303","1.8","-0.2","1.3","9627"
"Leonys Martin","Indians","125","525","475","118","22","2","13","62","54","38","133","5","15","6",".248",".308",".388",".696",".303","2.8","2.0","1.5","11846"
"Luis Urias","Padres","137","575","505","125","23","4","8","60","45","54","115","7","5","2",".248",".327",".356",".683",".303","-1.8","0.3","1.5","16622"
"Chris Davis","Orioles","140","588","511","104","18","1","27","65","72","64","210","6","2","1",".203",".297",".399",".696",".302","0.0","-0.2","0.1","9272"
"Nick Martini","Athletics","77","322","280","69","13","2","4","36","26","34","71","3","3","1",".245",".330",".350",".680",".302","-0.1","0.3","0.4","12005"
"J.P. Crawford","Mariners","117","490","424","97","17","3","11","51","48","54","106","5","6","3",".228",".320",".361",".681",".302","-2.7","0.3","1.6","15491"
"Ronny Rodriguez","Tigers","37","154","145","38","7","1","4","16","18","6","31","1","3","2",".260",".293",".410",".703",".302","-1.3","-0.1","0.3","11875"
"Keston Hiura","Brewers","8","35","32","8","2","0","1","4","4","2","7","0","1","0",".258",".304",".393",".697",".302","0.0","0.0","0.1","sa3004043"
"Max Moroff","Indians","43","182","155","34","7","1","5","21","18","23","51","1","2","1",".219",".321",".361",".681",".302","0.1","0.1","0.4","14556"
"Ke'Bryan Hayes","Pirates","3","14","13","3","1","0","0","1","1","1","3","0","0","0",".257",".317",".370",".688",".302","0.0","0.0","0.0","sa874730"
"Adam Duvall","Braves","50","209","189","43","10","1","8","22","27","15","55","3","2","1",".225",".288",".414",".702",".301","0.3","0.6","0.2","10950"
"Andrew Knizner","Cardinals","30","128","117","31","6","0","2","13","13","7","19","1","1","0",".263",".312",".380",".692",".301","0.0","0.1","0.5","sa857827"
"Matt Davidson","Rangers","25","105","94","21","4","0","4","12","13","9","34","1","0","0",".220",".293",".400",".693",".301","-0.2","-0.2","-0.1","7226"
"Carlos Gomez","","83","350","311","71","15","1","10","37","38","24","99","10","8","3",".229",".303",".385",".688",".301","-0.4","0.4","0.2","4881"
"Zack Collins","White Sox","3","13","11","2","0","0","0","1","1","2","4","0","0","0",".205",".317",".360",".677",".301","0.0","0.0","0.1","sa738390"
"Jose Reyes","","33","140","126","31","6","1","3","15","14","11","23","1","4","1",".245",".308",".385",".693",".301","-0.5","0.3","0.3","1736"
"Niko Goodrum","Tigers","130","546","493","117","25","3","15","56","59","42","142","4","12","5",".238",".301",".392",".694",".301","-4.3","1.0","0.9","12092"
"Carson Kelly","Diamondbacks","53","224","198","48","10","1","5","22","22","20","39","2","1","0",".242",".317",".370",".686",".301","0.5","0.1","0.8","13620"
"Greg Garcia","Padres","123","515","442","107","20","1","6","48","42","58","108","8","7","3",".241",".336",".335",".671",".301","-0.4","1.1","1.3","10951"
"Sam Travis","Red Sox","2","7","6","2","0","0","0","1","1","1","2","0","0","0",".251",".311",".376",".687",".301","0.0","0.0","0.0","16263"
"Christian Arroyo","Rays","8","35","32","8","2","0","1","4","4","2","7","0","0","0",".261",".308",".386",".694",".301","0.0","0.0","0.1","16434"
"A.J. Reed","Astros","10","42","37","8","1","0","2","5","5","4","13","0","0","0",".216",".296",".399",".695",".301","0.0","0.0","0.0","16246"
"Jarrod Dyson","Diamondbacks","62","262","233","59","10","3","3","27","23","22","41","3","15","4",".253",".325",".359",".684",".300","2.4","1.8","0.6","4866"
"Manny Pina","Brewers","6","26","23","6","1","0","1","2","3","2","5","0","0","0",".250",".306",".388",".694",".300","0.2","-0.1","0.1","2829"
"Cory Spangenberg","Brewers","77","325","294","72","13","3","7","33","34","24","92","3","5","2",".245",".306",".383",".688",".300","-1.7","1.4","0.5","12294"
"Kevin Kramer","Pirates","24","99","90","23","5","0","2","10","10","6","25","1","2","1",".253",".306",".383",".689",".300","-0.4","0.2","0.2","17689"
"Mike Zunino","Rays","107","448","399","84","17","0","21","50","57","35","151","7","1","1",".210",".283",".410",".693",".300","2.2","-0.7","2.0","13265"
"Curt Casali","Reds","3","13","11","3","1","0","0","1","1","1","3","0","0","0",".231",".308",".377",".685",".300","0.0","0.0","0.0","12510"
"Sam Hilliard","Rockies","2","7","6","2","0","0","0","1","1","0","2","0","0","0",".253",".305",".386",".691",".299","0.0","0.0","0.0","sa829542"
"David Fletcher","Angels","143","602","559","152","31","3","7","67","57","29","70","5","10","4",".272",".312",".374",".686",".299","2.3","1.1","1.9","17992"
"Amed Rosario","Mets","152","637","589","154","28","7","12","64","63","33","122","4","24","10",".262",".304",".391",".695",".299","-1.7","2.1","2.1","15518"
"Tony Wolters","Rockies","61","256","222","53","10","3","4","25","24","27","50","3","2","1",".240",".327",".358",".685",".299","0.5","0.2","0.5","11470"
"Ehire Adrianza","Twins","35","147","133","34","8","1","2","16","15","11","30","1","2","1",".253",".312",".373",".686",".299","0.2","0.1","0.3","8418"
"Alex Blandino","Reds","32","135","118","27","6","0","3","13","14","13","34","2","1","1",".232",".316",".361",".677",".299","-0.4","0.0","0.2","16271"
"Domingo Leyba","Diamondbacks","2","7","6","2","0","0","0","1","1","0","1","0","0","0",".259",".310",".373",".683",".299","0.0","0.0","0.0","sa736654"
"Delino DeShields","Rangers","117","490","425","102","20","2","6","57","39","53","113","4","25","8",".239",".327",".339",".666",".298","0.1","3.9","1.0","11379"
"Joey Rickard","Orioles","105","441","395","97","20","1","8","46","41","35","94","4","7","3",".247",".313",".368",".681",".298","-0.8","1.0","0.3","13277"
"Robinson Chirinos","Astros","91","384","332","67","13","1","15","43","45","36","124","10","2","1",".201",".297",".380",".678",".298","-0.6","-1.4","1.4","3142"
"Matt Beaty","Dodgers","2","7","6","2","0","0","0","1","1","0","1","0","0","0",".252",".303",".385",".688",".298","0.0","0.0","0.0","sa602895"
"Gordon Beckham","Tigers","8","35","31","8","2","0","1","4","3","3","6","0","0","0",".244",".311",".369",".679",".298","-0.2","0.0","0.0","9015"
"Dylan Cozens","Phillies","12","50","44","9","2","0","2","6","6","5","19","0","1","0",".203",".286",".406",".691",".298","-0.1","0.1","0.0","15115"
"Franklin Barreto","Athletics","50","210","191","45","8","1","7","23","24","13","66","3","4","2",".235",".291",".398",".689",".298","0.0","0.3","0.4","15519"
"Roman Quinn","Phillies","107","449","404","99","16","6","8","48","44","34","111","4","25","9",".245",".307",".374",".681",".298","-2.5","1.3","0.6","13546"
"Pablo Sandoval","Giants","45","190","173","42","8","1","6","18","21","13","39","2","1","0",".242",".297",".393",".690",".298","-0.1","-1.1","0.2","5409"
"Brian Goodwin","Royals","67","280","251","59","13","1","8","30","28","22","76","2","5","2",".233",".300",".385",".684",".298","-0.4","0.0","0.1","12858"
"Martin Prado","Marlins","35","145","133","35","7","0","2","14","13","9","23","1","1","0",".260",".312",".369",".681",".298","-0.2","-0.6","0.1","3312"
"Ildemaro Vargas","Diamondbacks","20","84","78","21","4","1","1","8","8","4","9","1","1","0",".268",".307",".377",".684",".297","-0.7","0.0","0.1","13324"
"Brandon Dixon","Tigers","45","189","174","42","9","1","5","20","21","11","55","2","4","2",".241",".290",".400",".690",".297","0.1","0.2","0.2","15214"
"Jason Martin","Pirates","5","21","19","5","1","0","1","2","2","1","5","0","0","0",".244",".297",".391",".688",".297","0.0","0.0","0.0","sa737834"
"Tim Locastro","Diamondbacks","8","35","32","8","2","0","0","3","3","2","6","1","1","0",".255",".314",".361",".675",".297","0.0","0.1","0.1","15124"
"Tzu-Wei Lin","Red Sox","3","14","13","3","1","0","0","2","1","1","3","0","0","0",".254",".312",".367",".679",".297","0.0","0.0","0.0","14678"
"Ty France","Padres","33","140","126","30","6","1","3","13","14","9","25","3","1","0",".239",".304",".376",".680",".297","0.0","0.1","0.3","sa876140"
"Tommy La Stella","Angels","47","196","174","44","9","0","3","21","18","17","32","2","1","1",".250",".322",".352",".674",".297","-1.5","-0.1","0.3","12371"
"Tom Murphy","Rockies","15","64","59","13","3","0","2","7","8","4","22","1","1","0",".228",".280",".415",".695",".297","-0.3","0.0","0.1","13499"
"Francisco Mejia","Padres","77","322","298","74","14","1","9","32","34","17","64","3","1","1",".248",".294",".394",".688",".297","-0.4","0.4","1.1","16403"
"Derek Fisher","Astros","17","70","62","14","2","0","2","8","8","7","23","1","2","1",".219",".297",".384",".681",".297","0.1","0.1","0.1","16192"
"Breyvic Valera","Giants","17","70","63","17","2","1","1","6","6","5","8","0","1","1",".261",".319",".356",".675",".297","-0.5","0.0","0.1","12758"
"Jace Peterson","","17","70","60","14","3","0","1","7","6","8","15","1","2","1",".231",".325",".341",".666",".297","-0.8","0.0","0.0","12325"
"Myles Straw","Astros","2","7","6","2","0","0","0","1","1","1","1","0","0","0",".253",".328",".338",".666",".297","0.0","0.0","0.0","17620"
"Justin Williams","Cardinals","3","14","13","3","1","0","0","1","2","1","3","0","0","0",".250",".295",".390",".685",".297","0.0","0.0","0.0","15490"
"Troy Stokes Jr.","Brewers","3","14","12","3","1","0","0","1","2","1","4","0","0","0",".223",".296",".384",".680",".297","0.0","0.0","0.0","sa828871"
"Jason Castro","Twins","99","416","361","79","18","1","11","45","42","44","120","4","2","1",".219",".308",".363",".671",".296","1.7","-0.9","1.5","8722"
"Grayson Greiner","Tigers","114","480","429","101","21","2","11","47","48","42","115","3","2","1",".236",".307",".367",".674",".296","-0.4","0.3","1.7","17062"
"Jose Iglesias","","125","525","484","128","30","2","6","51","50","26","64","6","13","6",".263",".307",".372",".679",".296","3.2","0.5","1.7","10231"
"Hunter Dozier","Royals","142","595","537","125","29","3","15","59","62","48","175","4","5","3",".232",".296",".384",".680",".296","-5.4","-0.7","0.2","15117"
"John Hicks","Tigers","99","417","385","95","19","1","11","42","46","24","109","3","3","1",".248",".295",".388",".683",".296","0.0","-0.5","-0.3","12547"
"Shed Long","Mariners","3","14","13","3","1","0","0","1","1","1","3","0","0","0",".239",".302",".376",".678",".296","0.0","0.0","0.0","sa738578"
"Connor Joe","Reds","24","99","87","20","4","0","2","10","10","9","24","1","1","0",".229",".308",".365",".672",".296","0.0","0.0","0.0","sa827153"
"Yolmer Sanchez","White Sox","147","616","558","136","27","6","12","66","58","43","130","6","12","6",".244",".302",".377",".679",".296","2.2","-0.1","1.5","11602"
"Chris Herrmann","Athletics","38","160","139","30","6","1","4","17","16","18","43","1","1","0",".217",".307",".365",".672",".296","0.5","0.3","0.7","9284"
"Chance Sisco","Orioles","61","256","226","53","10","0","5","25","24","22","70","5","2","1",".236",".313",".355",".668",".296","0.8","0.0","1.0","15694"
"Bradley Zimmer","Indians","17","70","62","14","3","0","2","8","7","6","23","1","3","1",".231",".302",".375",".676",".296","0.8","0.3","0.1","16221"
"Dalton Pompey","Blue Jays","3","14","13","3","1","0","0","1","1","1","4","0","0","0",".240",".307",".364",".672",".296","0.1","0.0","0.0","12797"
"Miguel Rojas","Marlins","64","268","245","64","12","1","4","23","24","16","35","3","3","1",".262",".313",".365",".679",".296","0.3","-0.6","0.7","7802"
"Socrates Brito","Diamondbacks","36","151","139","35","7","1","3","15","16","9","38","1","3","1",".248",".295",".386",".681",".295","-0.1","0.2","0.1","12944"
"Hernan Perez","Brewers","130","545","510","129","24","3","14","56","61","26","108","2","16","6",".253",".291",".395",".686",".295","-2.6","1.6","0.6","5751"
"Drew Ferguson","Giants","49","204","179","42","8","1","3","19","18","20","52","3","4","2",".236",".319",".344",".664",".295","0.0","0.1","0.2","sa875766"
"Michael A. Taylor","Nationals","55","233","211","50","10","1","6","24","26","17","70","1","11","4",".237",".296",".387",".683",".295","0.7","1.0","0.4","11489"
"Matt Thaiss","Angels","8","35","32","8","2","0","1","4","4","2","7","0","0","0",".243",".300",".377",".677",".295","0.0","0.0","0.0","sa738522"
"Fernando Tatis Jr.","Padres","58","245","223","52","10","2","7","26","25","17","69","2","7","3",".233",".293",".387",".680",".295","0.0","0.2","0.6","sa919910"
"Pat Valaika","Rockies","27","114","106","26","6","0","3","12","13","6","26","1","1","0",".244",".284",".400",".684",".295","-0.2","0.2","-0.1","14885"
"Dawel Lugo","Tigers","17","70","66","18","3","1","1","7","7","2","10","0","1","0",".270",".298",".383",".681",".295","-0.1","0.0","0.1","14713"
"Mac Williamson","Giants","120","505","455","103","20","1","17","49","57","38","140","6","4","2",".226",".292",".388",".679",".295","-1.3","0.1","0.0","14158"
"Tim Anderson","White Sox","152","637","598","151","29","3","17","67","69","27","157","4","21","8",".253",".287",".398",".685",".294","-5.3","1.5","1.3","15172"
"Patrick Wisdom","Rangers","17","70","63","14","3","0","2","8","8","5","22","1","1","0",".224",".289",".389",".677",".294","0.0","0.1","0.0","13602"
"Keibert Ruiz","Dodgers","6","26","24","6","1","0","1","3","3","1","3","0","0","0",".253",".299",".378",".678",".294","0.0","0.0","0.1","sa872528"
"Luis Rengifo","Angels","5","21","19","5","1","0","0","2","2","2","3","0","1","0",".248",".312",".357",".669",".294","0.0","0.0","0.0","sa826671"
"Hanser Alberto","Orioles","12","49","46","13","2","0","1","5","5","1","6","0","0","0",".272",".298",".382",".680",".294","-0.1","0.0","0.1","11902"
"Andrew Toles","Dodgers","27","114","106","27","6","0","3","12","12","6","25","1","2","1",".252",".294",".388",".682",".294","0.2","0.3","0.2","13414"
"Spencer Kieboom","Nationals","3","13","11","3","1","0","0","1","1","1","2","0","0","0",".239",".313",".349",".662",".294","0.0","0.0","0.0","13300"
"Gerardo Parra","Giants","17","70","65","17","4","0","1","6","7","4","13","1","1","1",".258",".305",".371",".676",".293","0.1","-0.1","0.0","8553"
"Christian Vazquez","Red Sox","91","384","352","90","19","1","6","41","40","22","69","4","5","2",".256",".305",".367",".673",".293","1.7","-0.8","1.2","9774"
"Erik Kratz","Brewers","30","128","117","27","5","0","4","12","14","7","29","2","1","0",".234",".289",".387",".676",".293","0.4","-0.4","0.4","4403"
"Joey Curletta","Mariners","10","42","37","8","2","0","1","4","4","4","11","0","0","0",".222",".300",".373",".673",".293","0.0","0.0","0.0","sa658025"
"Zack Granite","Twins","7","28","25","7","1","0","0","3","3","2","4","0","1","0",".262",".317",".350",".666",".293","0.1","0.0","0.0","15343"
"Orlando Arcia","Brewers","133","560","514","130","26","2","11","52","57","34","109","3","12","5",".253",".302",".377",".678",".293","-0.4","0.6","1.1","13185"
"Jacoby Ellsbury","Yankees","17","70","62","15","3","0","1","8","7","6","12","1","2","1",".240",".310",".357",".667",".293","-0.4","0.2","0.0","4727"
"Greg Allen","Indians","117","490","440","110","21","2","6","53","45","32","105","11","24","9",".249",".314",".350",".664",".293","-0.4","1.4","0.2","16623"
"Cam Gallagher","Royals","30","128","117","29","6","0","2","13","12","9","21","1","1","0",".250",".305",".364",".669",".293","0.0","-0.1","0.4","12981"
"Lewis Brinson","Marlins","142","595","545","128","23","6","18","55","64","36","152","5","7","3",".235",".286",".396",".682",".293","-1.4","0.6","1.0","14352"
"Joey Wendle","Rays","125","525","484","123","26","4","8","53","52","28","106","7","10","4",".255",".303",".374",".676",".293","1.6","0.6","1.3","13853"
"Max Stassi","Astros","53","224","198","43","9","0","7","24","25","20","65","3","1","0",".216",".296",".371",".666",".293","-0.1","-0.2","0.8","10059"
"Jose Rondon","White Sox","33","140","130","32","6","1","4","15","16","7","33","1","2","1",".242",".284",".394",".678",".293","0.4","-0.1","0.3","14140"
"Chris Owings","Royals","88","371","342","86","21","2","6","38","36","22","79","3","11","4",".252",".300",".379",".679",".293","-0.4","0.9","0.6","10030"
"Kyle Farmer","Reds","39","162","149","37","9","1","3","16","17","9","31","2","1","0",".250",".299",".374",".673",".293","0.0","0.0","0.4","14813"
"Austin Allen","Padres","3","13","12","3","1","0","0","1","1","1","3","0","0","0",".239",".292",".386",".678",".292","0.0","0.0","0.0","sa875025"
"T.J. Rivera","Mets","7","29","27","7","1","0","0","3","3","1","5","0","0","0",".263",".302",".370",".672",".292","-0.1","0.0","0.0","12495"
"Edwin Rios","Dodgers","2","7","6","2","0","0","0","1","1","0","2","0","0","0",".237",".282",".402",".685",".292","0.0","0.0","0.0","sa827170"
"Kelvin Gutierrez","Royals","2","7","6","2","0","0","0","1","1","0","2","0","0","0",".253",".300",".371",".671",".292","0.0","0.0","0.0","sa736855"
"Roberto Perez","Indians","69","288","250","53","12","1","7","31","29","32","85","2","2","1",".213",".305",".355",".659",".292","2.0","-0.5","0.9","2900"
"Nick Hundley","Athletics","15","64","59","14","3","0","2","7","7","4","17","0","0","0",".236",".289",".392",".680",".292","-0.4","-0.2","0.2","3376"
"Ronald Torreyes","Twins","33","140","131","35","7","1","1","14","13","6","19","1","1","0",".270",".306",".364",".670",".292","0.2","0.1","0.2","11400"
"Kevin Newman","Pirates","68","287","265","71","14","1","3","25","26","16","38","2","9","4",".268",".311",".358",".670",".292","-1.4","0.2","0.5","17696"
"Freddy Galvis","Blue Jays","83","350","321","79","17","2","7","36","36","22","71","2","6","2",".245",".295",".379",".674",".292","-0.3","0.5","0.8","6609"
"Alen Hanson","Giants","58","243","225","56","11","3","5","24","24","12","50","2","8","3",".248",".291",".383",".674",".292","-0.6","0.8","0.3","12926"
"Drew Robinson","Cardinals","15","65","57","12","3","0","2","7","7","7","23","0","1","1",".209",".294",".369",".663",".291","-0.1","0.1","0.1","11761"
"Nick Ahmed","Diamondbacks","151","636","578","137","29","4","15","61","66","43","126","6","8","4",".236",".294",".380",".674",".291","-0.2","0.6","1.1","12147"
"Erik Gonzalez","Pirates","109","456","427","110","22","3","9","44","46","19","115","4","9","4",".257",".292",".381",".674",".291","-4.0","0.5","0.5","13369"
"Tim Beckham","Mariners","50","210","192","45","9","1","6","21","23","14","58","2","2","1",".233",".289",".380",".669",".291","-2.0","-0.1","0.3","7949"
"Jon Jay","White Sox","57","238","214","54","9","2","2","25","18","15","45","5","2","1",".252",".316",".340",".656",".291","-0.4","-0.1","0.1","5227"
"Josh Phegley","Athletics","91","384","347","79","19","2","10","41","41","26","87","5","2","1",".228",".289",".381",".671",".291","0.4","-0.4","1.3","9308"
"Luis Guillorme","Mets","19","78","70","18","3","0","1","7","6","7","11","0","1","0",".253",".320",".332",".652",".290","-0.7","0.1","0.1","16451"
"Brandon Phillips","","17","70","65","17","3","0","1","7","7","3","11","1","1","0",".259",".298",".369",".667",".290","0.1","-0.2","0.1","791"
"Scott Kingery","Phillies","86","363","335","81","16","2","9","36","38","20","83","3","9","3",".243",".290",".380",".670",".290","1.2","1.2","0.6","17975"
"Wilmer Difo","Nationals","42","177","160","40","7","2","3","16","17","13","32","1","4","1",".249",".309",".362",".670",".290","0.3","0.4","0.2","14320"
"Juan Lagares","Mets","67","280","258","65","13","2","4","25","27","15","57","3","6","2",".253",".300",".369",".669",".290","1.5","0.6","0.7","5384"
"Dee Gordon","Mariners","153","644","604","166","23","7","4","68","54","22","94","8","36","12",".275",".307",".357",".664",".290","-1.0","4.3","1.6","8203"
"Leury Garcia","White Sox","67","280","259","66","11","2","5","29","26","13","65","4","8","3",".253",".296",".370",".667",".290","-1.4","0.3","0.1","5913"
"Lane Thomas","Cardinals","3","14","13","3","1","0","0","1","1","1","4","0","0","0",".231",".288",".378",".667",".290","0.0","0.0","0.0","sa828962"
"Dominic Smith","Mets","3","14","13","3","1","0","0","1","2","1","3","0","0","0",".234",".287",".381",".668",".290","0.0","0.0","0.0","15653"
"Ryder Jones","Giants","2","7","6","2","0","0","0","1","1","0","2","0","0","0",".240",".291",".380",".671",".290","-0.1","0.0","0.0","15982"
"Mitch Walding","Phillies","19","78","68","14","2","0","3","8","8","8","28","1","0","0",".202",".295",".361",".656",".290","0.1","0.0","0.0","13006"
"Jonathan Davis","Blue Jays","8","35","31","7","2","0","1","4","3","3","8","1","1","0",".231",".302",".354",".656",".289","-0.1","0.0","0.0","15104"
"Austin Hedges","Padres","73","307","282","63","12","1","12","30","36","19","81","2","2","1",".225",".277",".401",".678",".289","0.4","-0.2","0.9","12976"
"Travis Jankowski","Padres","37","157","139","34","6","1","1","16","11","15","36","1","7","3",".242",".318",".326",".645",".289","0.0","0.7","0.2","13768"
"Kaleb Cowart","Tigers","2","7","6","1","0","0","0","1","1","1","2","0","0","0",".233",".294",".367",".661",".288","0.0","0.0","0.0","11494"
"Jesus Sanchez","Rays","2","7","7","2","0","0","0","1","1","0","2","0","0","0",".247",".286",".382",".668",".288","0.0","0.0","0.0","sa872787"
"Steven Duggar","Giants","147","616","550","131","30","4","8","55","52","53","176","4","15","7",".238",".307",".349",".656",".288","0.8","1.1","1.0","17719"
"Blake Swihart","Red Sox","32","134","121","28","6","0","2","14","14","11","35","1","2","1",".235",".300",".355",".655",".288","-0.1","0.2","0.1","13176"
"Michael Hermosillo","Angels","43","182","163","37","7","1","4","20","18","13","50","3","5","2",".228",".298",".358",".655",".288","0.3","0.2","0.1","16285"
"Mauricio Dubon","Brewers","12","49","45","11","2","0","1","5","5","3","8","0","2","1",".252",".296",".364",".660",".288","0.0","0.1","0.1","sa738378"
"Rosell Herrera","Marlins","30","127","115","28","5","1","1","11","11","9","25","1","3","2",".247",".305",".349",".654",".288","0.5","0.2","0.1","11611"
"Austin Wynns","Orioles","91","384","348","83","14","1","9","38","37","26","81","3","2","1",".238",".296",".359",".655",".287","0.7","-0.2","1.1","15271"
"Raudy Read","Nationals","1","6","6","1","0","0","0","1","1","0","1","0","0","0",".244",".289",".374",".663",".287","0.0","0.0","0.0","15766"
"Austin Jackson","","42","175","158","38","8","1","2","17","14","14","49","1","2","1",".243",".305",".348",".654",".287","-2.9","0.1","-0.1","9848"
"Taylor Davis","Cubs","3","13","12","3","1","0","0","1","1","1","2","0","0","0",".244",".304",".347",".652",".287","0.0","0.0","0.0","12782"
"J.T. Riddle","Marlins","117","490","453","112","19","4","10","43","47","28","96","2","4","2",".248",".293",".370",".662",".287","0.1","-0.2","1.0","17642"
"Meibrys Viloria","Royals","3","13","12","3","1","0","0","1","1","1","3","0","0","0",".245",".295",".361",".656",".287","0.0","0.0","0.0","17109"
"Jacob Stallings","Pirates","8","32","30","7","2","0","0","3","3","2","7","0","0","0",".251",".297",".361",".657",".286","0.0","0.0","0.1","13723"
"Chris Shaw","Giants","65","275","253","57","12","1","9","26","30","16","90","2","1","0",".226",".277",".385",".662",".286","-0.4","0.2","-0.1","17738"
"David Freitas","Mariners","41","173","156","37","8","0","3","17","16","12","36","2","1","0",".238",".297",".355",".652",".286","-0.2","-0.1","0.5","10619"
"Seby Zavala","White Sox","5","19","18","4","1","0","1","2","2","1","5","0","0","0",".230",".284",".373",".657",".286","0.0","0.0","0.1","sa875572"
"Andrew Knapp","Phillies","23","96","84","18","4","1","2","9","9","10","29","1","1","0",".217",".305",".342",".647",".285","-1.0","0.1","0.1","14942"
"Jorge Alfaro","Marlins","122","512","470","112","22","2","13","44","51","25","162","10","3","1",".237",".288",".377",".664",".285","-2.3","-0.1","1.2","12180"
"Adeiny Hechavarria","","42","175","162","41","7","1","3","17","17","9","30","1","2","1",".256",".297",".360",".657",".285","0.3","0.1","0.3","10459"
"Austin Romine","Yankees","30","128","117","27","5","0","3","14","14","8","30","1","1","0",".232",".283",".371",".655",".285","-0.3","-0.2","0.3","5491"
"JaCoby Jones","Tigers","133","560","509","114","23","5","14","58","56","36","170","8","15","6",".225",".284",".371",".654",".285","2.0","1.2","0.8","14818"
"Victor Reyes","Tigers","47","196","184","48","8","2","2","19","19","8","35","1","6","2",".261",".294",".362",".656",".285","-0.2","0.2","0.1","15487"
"Braden Bishop","Mariners","3","14","13","3","1","0","0","1","1","1","3","0","0","0",".244",".304",".339",".642",".284","0.0","0.0","0.0","sa659045"
"Kyle Higashioka","Yankees","8","32","29","6","1","0","1","3","4","2","7","0","0","0",".218",".277",".379",".656",".284","-0.1","0.0","0.1","5517"
"Pedro Severino","Nationals","1","6","6","1","0","0","0","1","1","0","1","0","0","0",".238",".294",".361",".656",".284","0.0","0.0","0.0","14523"
"Luis Barrera","Athletics","2","7","6","2","0","0","0","1","1","0","1","0","0","0",".248",".293",".358",".651",".284","0.0","0.0","0.0","sa736690"
"Andrew Stevenson","Nationals","17","71","65","16","3","0","1","7","7","5","17","0","2","1",".247",".302",".342",".644",".284","0.1","0.1","0.0","17932"
"Tyler Saladino","Brewers","42","177","160","37","7","1","4","18","17","13","43","2","4","2",".231",".293",".352",".645",".284","-0.3","0.3","0.1","10807"
"Billy Hamilton","Royals","142","595","537","130","20","9","5","64","46","46","124","2","40","11",".241",".302",".342",".643",".283","4.8","6.4","1.6","10199"
"Reese McGuire","Blue Jays","23","96","86","20","4","0","2","10","9","7","20","1","1","0",".228",".292",".352",".645",".283","-0.3","0.1","0.2","15674"
"Adolis Garcia","Cardinals","5","21","20","5","1","0","1","2","2","1","6","0","0","0",".234",".269",".390",".659",".283","0.0","0.0","0.0","19287"
"Tyler Wade","Yankees","2","7","6","1","0","0","0","1","1","1","2","0","0","0",".236",".302",".339",".641",".283","0.0","0.0","0.0","15730"
"Martin Maldonado","","76","320","289","65","13","1","8","30","33","18","78","8","1","1",".225",".286",".362",".648",".283","3.2","-0.7","1.0","6887"
"Garrett Stubbs","Astros","8","32","29","7","1","0","0","3","3","3","6","0","0","0",".232",".301",".340",".640",".283","0.0","0.0","0.1","sa827172"
"Drew Jackson","Orioles","53","224","199","45","9","1","4","22","20","18","52","4","7","3",".225",".298",".340",".638",".282","0.0","0.2","0.2","sa659066"
"Jake Marisnick","Astros","50","210","190","41","8","1","7","24","23","14","67","3","6","2",".215",".276",".374",".650",".282","0.2","0.7","0.3","11339"
"James McCann","White Sox","46","192","175","40","7","0","5","18","19","12","52","2","1","0",".229",".286",".356",".642",".281","2.3","-0.7","0.6","12859"
"Jose Lobaton","Mariners","5","19","17","4","1","0","0","2","2","2","5","0","0","0",".218",".292",".349",".642",".281","-0.1","0.0","0.0","4243"
"Michael Perez","Rays","40","166","152","36","7","0","3","16","16","11","37","1","1","0",".234",".288",".355",".643",".281","0.4","0.0","0.5","12977"
"Nick Gordon","Twins","8","35","32","8","1","0","0","3","3","2","7","0","1","0",".247",".293",".349",".642",".280","0.0","0.0","0.0","sa828662"
"Ryan Cordell","White Sox","8","35","32","7","1","0","1","4","4","2","10","0","1","0",".224",".277",".367",".644",".280","0.1","0.0","0.0","15181"
"Tyrone Taylor","Brewers","10","42","39","9","2","0","1","4","4","2","8","0","1","0",".230",".277",".369",".646",".280","0.0","0.0","0.0","sa657979"
"Abiatal Avelino","Giants","15","64","59","14","2","1","1","6","6","3","13","0","2","1",".241",".286",".358",".644",".280","0.1","0.1","0.1","15496"
"John Ryan Murphy","Diamondbacks","26","111","101","23","5","0","3","10","11","8","27","1","0","0",".226",".282",".363",".644",".280","-0.2","0.1","0.1","10346"
"Anthony Alford","Blue Jays","17","70","63","14","3","0","1","7","6","5","19","1","2","1",".228",".295",".338",".632",".279","0.0","0.1","0.0","14329"
"Yu Chang","Indians","2","7","6","1","0","0","0","1","1","0","2","0","0","0",".217",".280",".360",".640",".279","0.0","0.0","0.0","sa830276"
"Carlos Tocci","Rangers","17","70","64","16","3","1","1","7","6","4","15","1","1","1",".249",".297",".337",".634",".279","-0.1","0.1","0.0","14558"
"Cole Tucker","Pirates","8","35","32","8","1","0","0","3","3","3","7","0","1","1",".241",".300",".333",".633",".279","0.0","0.0","0.0","sa828671"
"Isan Diaz","Marlins","2","7","6","1","0","0","0","1","1","1","2","0","0","0",".215",".291",".341",".632",".279","0.0","0.0","0.0","sa828704"
"Richie Martin","Orioles","50","210","191","45","8","2","3","20","18","14","38","3","6","3",".237",".296",".338",".634",".279","0.0","0.2","0.2","sa659080"
"Oscar Mercado","Indians","17","70","64","15","3","0","1","7","7","5","14","1","3","1",".237",".293",".339",".633",".278","0.0","0.0","-0.1","sa737612"
"Luis Alexander Basabe","White Sox","5","21","19","4","1","0","0","2","2","2","6","0","0","0",".217",".287",".347",".633",".278","0.0","0.0","0.0","sa736915"
"Charlie Culberson","Braves","39","165","152","36","7","1","3","16","17","10","40","1","2","1",".236",".286",".361",".647",".278","-0.4","0.2","-0.1","3298"
"Jason Vosler","Padres","30","126","114","24","5","0","4","12","13","9","35","2","0","0",".213",".278",".360",".637",".278","0.0","0.1","0.1","sa829190"
"Jose Siri","Reds","3","14","13","3","1","0","0","1","2","1","4","0","0","0",".223",".266",".379",".645",".278","0.0","0.0","0.0","sa736940"
"Dylan Moore","Mariners","42","175","159","36","7","1","3","17","17","12","35","2","5","2",".227",".286",".350",".636",".278","0.0","0.1","0.1","sa875186"
"Sandy Leon","Red Sox","46","192","174","39","9","0","4","20","19","14","48","2","1","0",".225",".286",".346",".632",".277","1.0","-0.5","0.3","5273"
"Peter O'Brien","Marlins","100","420","379","74","16","1","17","40","48","33","151","3","1","0",".196",".264",".378",".642",".277","0.5","-0.1","-0.6","13288"
"Brett Phillips","Royals","117","490","437","93","17","5","11","47","46","43","170","3","8","3",".212",".285",".349",".634",".277","8.2","0.9","0.3","14735"
"Jacob Nottingham","Brewers","1","6","6","1","0","0","0","1","1","0","2","0","0","0",".212",".278",".356",".634",".277","0.0","0.0","0.0","16448"
"Steve Wilkerson","Orioles","85","357","325","76","14","1","5","33","31","23","87","4","5","2",".235",".292",".333",".625",".276","-1.0","0.0","0.0","16041"
"Willi Castro","Tigers","8","35","33","8","1","0","1","3","3","2","7","0","1","0",".242",".281",".352",".633",".275","0.0","0.0","0.0","sa830274"
"Skye Bolt","Athletics","2","7","6","1","0","0","0","1","1","1","2","0","0","0",".217",".281",".347",".628",".275","0.0","0.0","0.0","sa658783"
"Richard Urena","Blue Jays","20","84","78","19","4","0","1","8","8","4","18","0","1","0",".240",".278",".356",".634",".275","0.2","0.1","0.1","16411"
"Luke Maile","Blue Jays","23","96","87","19","4","0","2","9","9","7","25","1","1","0",".221",".283",".340",".623",".274","0.0","0.0","0.2","13355"
"Rene Rivera","Giants","23","96","88","19","4","0","3","9","10","6","29","1","1","0",".217",".271",".362",".633",".274","0.7","-0.3","0.2","3648"
"Eric Haase","Indians","8","32","29","6","1","0","1","3","4","2","11","0","0","0",".203",".261",".370",".630",".273","-0.1","0.0","0.0","14111"
"Adrian Sanchez","Nationals","12","50","47","12","2","0","1","4","5","2","9","0","1","0",".248",".285",".343",".628",".273","-0.1","0.1","0.0","11338"
"Thairo Estrada","Yankees","2","7","6","2","0","0","0","1","1","0","1","0","0","0",".243",".286",".336",".622",".273","0.0","0.0","0.0","sa739620"
"Alex Jackson","Braves","3","13","12","2","1","0","0","1","1","1","4","0","0","0",".212",".270",".360",".630",".273","0.0","0.0","0.0","sa828663"
"Jose Briceno","Angels","15","64","59","13","2","0","2","6","7","3","15","0","1","0",".221",".263",".365",".628",".272","0.2","0.0","0.1","13151"
"Raffy Lopez","Braves","8","34","31","6","1","0","1","3","3","3","11","0","0","0",".212",".282",".343",".625",".272","0.0","0.0","0.0","12606"
"Tomas Nido","Mets","3","13","12","3","1","0","0","1","1","1","3","0","0","0",".232",".272",".352",".624",".271","-0.1","0.0","0.0","13755"
"Jeff Mathis","Rangers","91","384","346","77","16","2","6","36","35","29","108","3","2","1",".223",".286",".331",".617",".271","3.2","-0.9","0.4","3448"
"Keon Broxton","Mets","90","380","334","65","13","2","10","34","36","37","144","3","17","6",".195",".279",".332",".612",".271","0.3","1.0","0.1","9253"
"Adam Engel","White Sox","122","511","463","101","20","4","10","50","46","32","148","8","17","7",".218",".278",".339",".617",".271","-1.3","2.0","0.1","15082"
"Edward Olivares","Padres","2","7","7","2","0","0","0","1","1","0","1","0","0","0",".234",".272",".351",".623",".271","0.0","0.0","0.0","sa832015"
"Edmundo Sosa","Cardinals","5","21","20","5","1","0","0","2","2","1","4","0","0","0",".240",".279",".342",".622",".271","-0.1","0.0","0.0","17022"
"Jose Trevino","Rangers","30","128","119","28","5","0","2","12","12","6","19","1","1","0",".238",".278",".342",".620",".270","0.0","0.0","0.1","16725"
"Caleb Joseph","","15","64","59","13","3","0","1","6","6","3","16","1","0","0",".225",".271",".349",".620",".270","0.2","-0.1","0.1","7087"
"Andrew Velazquez","Rays","3","14","13","3","0","0","0","1","1","1","4","0","1","0",".224",".276",".340",".615",".270","-0.1","0.0","0.0","14196"
"Aramis Garcia","Giants","8","32","30","7","1","0","1","3","3","2","9","0","0","0",".220",".267",".352",".619",".269","0.0","0.0","0.0","16925"
"Alcides Escobar","","83","350","327","80","15","2","4","30","30","15","56","3","5","2",".245",".282",".336",".618",".269","-1.1","0.7","0.0","6310"
"Beau Taylor","Athletics","8","32","28","6","1","0","0","3","3","3","9","0","0","0",".211",".297",".304",".600",".269","0.0","0.0","0.1","12384"
"Michael Lorenzen","Reds","4","15","13","3","1","0","0","1","1","1","4","0","0","0",".213",".277",".334",".612",".269","0.0","0.0","0.0","14843"
"Monte Harrison","Marlins","3","14","13","3","1","0","0","1","1","1","5","0","0","0",".214",".268",".346",".614",".268","0.0","0.0","0.0","sa828691"
"Sergio Alcantara","Tigers","12","49","45","11","2","0","0","4","4","3","9","0","1","0",".240",".292",".312",".604",".268","0.0","0.0","0.0","sa739641"
"Andrew Romine","","17","70","64","15","3","0","1","6","6","4","16","1","1","0",".231",".285",".320",".605",".268","-0.7","0.0","-0.1","1159"
"Rajai Davis","Mets","5","21","19","4","1","0","0","2","2","1","5","0","1","0",".223",".278",".327",".606",".267","-0.2","0.1","0.0","3708"
"Chad Wallach","Marlins","30","128","114","23","5","0","3","10","11","10","38","2","1","0",".205",".277",".323",".601",".266","-0.1","0.1","0.2","17161"
"Adam Moore","","15","64","59","13","2","0","1","6","6","4","19","1","0","0",".218",".269",".335",".604",".265","0.1","-0.1","0.0","9362"
"Bobby Wilson","Tigers","30","128","117","25","5","0","3","12","12","9","33","1","1","0",".213",".270",".330",".599",".263","0.0","-0.3","0.1","6564"
"Blake Trahan","Reds","3","14","13","3","1","0","0","1","1","1","3","0","0","0",".225",".289",".297",".586",".261","0.0","0.0","0.0","17588"
"Jhonatan Solano","","15","64","59","13","2","0","1","6","6","3","10","1","0","0",".223",".270",".325",".595",".261","-0.1","0.0","0.0","7515"
"Luis Torrens","Padres","3","13","12","3","1","0","0","1","1","1","2","0","0","0",".227",".274",".322",".596",".261","0.0","0.0","0.0","15905"
"Jorge Mateo","Athletics","3","14","13","3","1","0","0","1","1","1","4","0","1","0",".221",".266",".333",".599",".261","0.0","0.0","0.0","sa657910"
"Nick Ciuffo","Rays","6","26","24","5","1","0","0","2","2","1","7","0","0","0",".218",".267",".328",".595",".261","-0.1","0.0","0.0","16291"
"Magneuris Sierra","Marlins","19","78","73","18","3","1","1","6","6","3","17","0","2","1",".240",".275",".315",".590",".258","-0.3","0.2","-0.1","17023"
"Kristopher Negron","Mariners","7","28","26","5","1","0","1","3","2","2","9","0","0","0",".206",".265",".317",".582",".257","-0.1","0.0","0.0","5306"
"Jarrod Saltalamacchia","","15","64","56","10","2","0","2","6","6","7","24","0","0","0",".177",".268",".305",".573",".257","-0.4","0.0","0.0","5557"
"Eric Stamets","Indians","3","14","13","3","1","0","0","1","1","1","4","0","0","0",".204",".264",".317",".581",".257","0.0","0.0","0.0","sa621787"
"Rocky Gale","Dodgers","1","6","6","1","0","0","0","1","1","0","1","0","0","0",".224",".265",".302",".567",".250","0.0","0.0","0.0","10533"
"Terrance Gore","Royals","2","7","6","1","0","0","0","1","0","0","2","0","1","0",".216",".276",".279",".555",".249","-0.1","0.0","0.0","13658"
"Arquimedes Gamboa","Phillies","2","7","6","1","0","0","0","1","1","1","2","0","0","0",".203",".266",".288",".554",".248","0.0","0.0","0.0","sa877497"
"Javier Guerra","Padres","3","14","13","2","0","0","0","1","1","1","5","0","0","0",".187",".231",".295",".526",".230","0.0","0.0","0.0","17292"
